RU,08 Mar 2017 05:39
RU,08 Mar 2017 05:31
RU,08 Mar 2017 05:09
RU,08 Mar 2017 04:19
RU,08 Mar 2017 04:18
RU,08 Mar 2017 04:08
RU,08 Mar 2017 03:57
RU,08 Mar 2017 02:54
RU,08 Mar 2017 05:39
RU,08 Mar 2017 05:31
RU,08 Mar 2017 05:09
RU,08 Mar 2017 04:19
RU,08 Mar 2017 04:18
RU,08 Mar 2017 04:08
RU,08 Mar 2017 03:57
RU,08 Mar 2017 02:54
RU,07 Mar 2017 11:36
RU,07 Mar 2017 10:20
RU,07 Mar 2017 09:49
RU,07 Mar 2017 08:50
RU,07 Mar 2017 08:28
RU,07 Mar 2017 08:22
RU,07 Mar 2017 08:19
RU,07 Mar 2017 07:11
RU,07 Mar 2017 18:50
KZ,07 Mar 2017 18:23
FR,07 Mar 2017 14:37
RU,07 Mar 2017 13:58
RU,07 Mar 2017 13:45
RU,07 Mar 2017 13:26
RU,07 Mar 2017 13:22
RU,07 Mar 2017 12:48
RU,07 Mar 2017 06:19
RU,07 Mar 2017 05:53
RU,07 Mar 2017 05:52
RU,07 Mar 2017 05:48
RU,07 Mar 2017 05:22
RU,07 Mar 2017 05:19
RU,07 Mar 2017 05:16
RU,07 Mar 2017 05:15
RU,07 Mar 2017 05:12
RU,07 Mar 2017 03:45
RU,07 Mar 2017 03:40
RU,07 Mar 2017 03:27
RU,07 Mar 2017 03:26
RU,07 Mar 2017 02:20
RU,07 Mar 2017 01:41
RU,07 Mar 2017 01:06
RU,07 Mar 2017 01:00
RU,07 Mar 2017 00:41
RU,06 Mar 2017 23:02
RU,06 Mar 2017 22:54
RU,06 Mar 2017 22:37
RU,06 Mar 2017 21:54
RU,06 Mar 2017 20:36
RU,06 Mar 2017 13:42
RU,06 Mar 2017 12:16
RU,06 Mar 2017 12:11
RU,06 Mar 2017 11:59
RU,06 Mar 2017 11:44
RU,06 Mar 2017 11:18
RU,06 Mar 2017 09:45
RU,06 Mar 2017 09:42
RU,06 Mar 2017 09:07
RU,06 Mar 2017 08:57
RU,06 Mar 2017 07:23
ES,06 Mar 2017 07:01
RU,06 Mar 2017 06:55
RU,06 Mar 2017 06:10
RU,06 Mar 2017 05:44
RU,06 Mar 2017 04:37
RU,06 Mar 2017 04:31
RU,06 Mar 2017 04:19
PL,06 Mar 2017 03:37
RU,06 Mar 2017 03:16
RU,06 Mar 2017 03:14
RU,06 Mar 2017 02:24
RU,06 Mar 2017 00:33
RU,06 Mar 2017 00:22
RU,06 Mar 2017 00:21
RU,06 Mar 2017 00:08
RU,05 Mar 2017 21:18
RU,05 Mar 2017 17:54
ES,05 Mar 2017 17:43
RU,05 Mar 2017 13:59
RU,05 Mar 2017 13:30
RU,05 Mar 2017 12:58
RU,05 Mar 2017 12:15
RU,05 Mar 2017 12:07
FR,05 Mar 2017 11:33
RU,05 Mar 2017 10:33
RU,05 Mar 2017 09:49
RU,05 Mar 2017 09:46
RU,05 Mar 2017 09:04
RU,05 Mar 2017 08:52
RU,05 Mar 2017 08:47
RU,05 Mar 2017 08:31
RU,05 Mar 2017 08:02
RU,05 Mar 2017 06:49
RU,05 Mar 2017 06:46
RU,05 Mar 2017 06:41
RU,05 Mar 2017 06:10
RU,05 Mar 2017 06:09
RU,05 Mar 2017 05:46
RU,05 Mar 2017 05:13
RU,05 Mar 2017 04:09
RU,05 Mar 2017 04:08
RU,05 Mar 2017 03:58
RU,05 Mar 2017 03:28
RU,05 Mar 2017 03:15
RU,05 Mar 2017 03:10
RU,05 Mar 2017 02:00
RU,05 Mar 2017 01:59
KZ,05 Mar 2017 01:46
RU,05 Mar 2017 00:38
RU,05 Mar 2017 00:08
RU,04 Mar 2017 23:46
RU,04 Mar 2017 22:30
RU,04 Mar 2017 22:29
RU,04 Mar 2017 22:24
TR,08 Mar 2017 06:21
LT,08 Mar 2017 05:54
RU,08 Mar 2017 05:53
KR,08 Mar 2017 04:31
RU,08 Mar 2017 04:12
RU,08 Mar 2017 03:18
KZ,08 Mar 2017 03:12
RU,08 Mar 2017 01:33
KR,07 Mar 2017 22:35
AU,07 Mar 2017 21:22
RU,07 Mar 2017 20:42
KR,07 Mar 2017 19:10
RU,07 Mar 2017 18:48
RU,07 Mar 2017 15:39
RU,07 Mar 2017 15:33
ES,07 Mar 2017 14:54
RU,07 Mar 2017 09:20
RU,07 Mar 2017 06:47
RU,07 Mar 2017 06:04
KR,06 Mar 2017 23:06
RU,06 Mar 2017 22:17
SRB,06 Mar 2017 14:45
TR,06 Mar 2017 12:55
SE,06 Mar 2017 12:36
RU,06 Mar 2017 11:02
BE,06 Mar 2017 10:39
SA,06 Mar 2017 09:31
US,06 Mar 2017 05:43
RU,06 Mar 2017 03:38
RU,06 Mar 2017 03:24
ES,06 Mar 2017 03:14
LT,06 Mar 2017 01:43
RU,06 Mar 2017 00:54
RU,05 Mar 2017 23:45
RU,05 Mar 2017 23:39
MD,05 Mar 2017 23:12
RU,05 Mar 2017 22:45
RU,05 Mar 2017 20:39
KR,05 Mar 2017 20:14
FR,05 Mar 2017 18:33
RU,05 Mar 2017 13:31
SE,05 Mar 2017 11:48
RU,05 Mar 2017 11:25
FI,05 Mar 2017 11:24
FR,05 Mar 2017 11:22
NO,05 Mar 2017 11:12
RU,05 Mar 2017 11:12
ES,05 Mar 2017 11:09
RU,05 Mar 2017 11:02
SK,05 Mar 2017 10:58
RU,05 Mar 2017 10:19
RU,05 Mar 2017 09:06
RU,05 Mar 2017 08:37
RU,05 Mar 2017 07:31
RU,05 Mar 2017 05:48
SE,05 Mar 2017 05:47
KR,05 Mar 2017 05:26
RU,05 Mar 2017 03:44
IT,05 Mar 2017 03:13
RU,05 Mar 2017 01:49
RU,05 Mar 2017 01:14
RU,05 Mar 2017 00:19
RU,04 Mar 2017 23:30
UA,04 Mar 2017 23:20
RU,04 Mar 2017 22:46
RU,04 Mar 2017 22:02
KR,04 Mar 2017 18:30
RU,04 Mar 2017 16:03
RU,04 Mar 2017 14:18
RU,04 Mar 2017 13:38
RU,04 Mar 2017 10:08
RU,04 Mar 2017 09:22
NL,04 Mar 2017 08:22
RU,04 Mar 2017 06:14
RU,04 Mar 2017 05:47
KR,04 Mar 2017 05:41
RU,04 Mar 2017 05:34
RU,04 Mar 2017 04:40
SE,04 Mar 2017 04:23
SA,04 Mar 2017 04:00
RU,04 Mar 2017 03:26
RU,04 Mar 2017 02:28
RU,04 Mar 2017 02:05
RU,04 Mar 2017 01:28
RU,03 Mar 2017 23:56
IT,03 Mar 2017 22:27
RU,03 Mar 2017 14:38
HU,03 Mar 2017 14:38
RU,03 Mar 2017 12:18
RU,03 Mar 2017 11:18
RU,03 Mar 2017 11:15
IL,03 Mar 2017 11:12
EE,03 Mar 2017 11:06
RU,03 Mar 2017 10:42
RU,03 Mar 2017 09:56
RU,03 Mar 2017 07:26
KZ,03 Mar 2017 06:37
AT,03 Mar 2017 05:28
RU,03 Mar 2017 03:54
RU,03 Mar 2017 02:55
RU,03 Mar 2017 02:42
RU,03 Mar 2017 02:07
RU,03 Mar 2017 00:05
RU,02 Mar 2017 19:25
RU,02 Mar 2017 16:09
LV,02 Mar 2017 15:16
GR,02 Mar 2017 14:50
RU,02 Mar 2017 12:54
IN,02 Mar 2017 12:24
RU,02 Mar 2017 12:08
RU,02 Mar 2017 12:02
RU,02 Mar 2017 09:21
KZ,02 Mar 2017 08:07
RU,02 Mar 2017 05:58
KR,02 Mar 2017 02:04
KZ,02 Mar 2017 00:33
IL,01 Mar 2017 22:07
HU,01 Mar 2017 15:00
RU,01 Mar 2017 13:25
RU,01 Mar 2017 12:24
RU,08 Mar 2017 05:55
RU,08 Mar 2017 04:11
RU,08 Mar 2017 04:11
ES,08 Mar 2017 04:06
RU,08 Mar 2017 04:06
RU,08 Mar 2017 03:30
ES,08 Mar 2017 02:30
RU,08 Mar 2017 00:02
RU,07 Mar 2017 22:42
RU,07 Mar 2017 22:27
IN,07 Mar 2017 22:11
RU,07 Mar 2017 21:43
KZ,07 Mar 2017 20:06
RU,07 Mar 2017 18:14
UA,07 Mar 2017 14:57
AT,07 Mar 2017 14:43
RU,07 Mar 2017 11:31
FR,07 Mar 2017 09:24
RU,07 Mar 2017 09:17
RU,07 Mar 2017 08:38
NL,07 Mar 2017 08:07
RU,07 Mar 2017 06:19
RU,07 Mar 2017 06:13
RU,07 Mar 2017 06:03
TR,07 Mar 2017 05:44
RU,07 Mar 2017 05:04
RU,07 Mar 2017 03:42
RU,07 Mar 2017 03:20
RU,07 Mar 2017 03:17
LV,07 Mar 2017 01:09
RU,07 Mar 2017 00:32
RU,06 Mar 2017 10:56
RU,06 Mar 2017 10:39
RU,06 Mar 2017 10:36
RU,06 Mar 2017 10:31
PK,06 Mar 2017 10:11
RU,06 Mar 2017 10:02
RU,06 Mar 2017 09:58
RU,06 Mar 2017 09:47
RU,06 Mar 2017 09:39
BY,06 Mar 2017 09:20
RU,06 Mar 2017 08:10
RU,06 Mar 2017 08:03
RU,06 Mar 2017 07:29
UA,06 Mar 2017 06:07
PT,06 Mar 2017 05:44
RU,06 Mar 2017 04:41
RU,06 Mar 2017 04:21
RU,06 Mar 2017 01:57
RU,06 Mar 2017 01:47
RU,05 Mar 2017 23:57
RU,05 Mar 2017 23:34
RU,05 Mar 2017 22:33
CZ,05 Mar 2017 22:04
RU,05 Mar 2017 21:28
RU,05 Mar 2017 19:21
RU,05 Mar 2017 19:06
IT,05 Mar 2017 15:26
RU,05 Mar 2017 15:16
TR,05 Mar 2017 12:48
CZ,05 Mar 2017 11:39
NL,05 Mar 2017 11:35
RU,05 Mar 2017 11:18
RU,05 Mar 2017 10:47
BR,05 Mar 2017 09:37
CH,05 Mar 2017 09:04
RU,05 Mar 2017 08:58
RU,05 Mar 2017 08:51
RU,05 Mar 2017 07:46
RU,05 Mar 2017 06:42
RU,05 Mar 2017 05:40
RU,05 Mar 2017 05:20
RU,05 Mar 2017 04:59
RU,05 Mar 2017 04:41
RU,05 Mar 2017 03:36
RU,05 Mar 2017 03:19
FR,05 Mar 2017 02:57
IT,05 Mar 2017 02:46
RU,05 Mar 2017 02:33
RU,05 Mar 2017 01:27
RU,05 Mar 2017 01:16
RU,05 Mar 2017 00:49
KZ,05 Mar 2017 00:14
IL,04 Mar 2017 23:33
RU,04 Mar 2017 21:31
IN,04 Mar 2017 20:26
IN,04 Mar 2017 18:44
RU,04 Mar 2017 18:44
RU,04 Mar 2017 17:29
NL,04 Mar 2017 14:16
DE,04 Mar 2017 11:30
RU,04 Mar 2017 10:44
RU,04 Mar 2017 10:12
RU,04 Mar 2017 10:03
RU,04 Mar 2017 09:12
IN,04 Mar 2017 08:37
RU,04 Mar 2017 08:24
RU,04 Mar 2017 07:13
KZ,04 Mar 2017 05:36
RU,04 Mar 2017 03:55
RU,04 Mar 2017 03:51
RU,04 Mar 2017 03:34
RU,04 Mar 2017 02:29
LT,04 Mar 2017 02:25
RU,04 Mar 2017 01:48
RU,04 Mar 2017 01:34
NL,03 Mar 2017 23:32
RU,03 Mar 2017 23:23
RU,03 Mar 2017 21:09
UA,03 Mar 2017 20:31
CH,03 Mar 2017 12:19
UA,03 Mar 2017 12:19
RU,03 Mar 2017 11:06
NL,03 Mar 2017 10:18
TH,03 Mar 2017 09:10
RU,03 Mar 2017 08:03
LV,03 Mar 2017 07:43
RU,03 Mar 2017 07:37
RU,03 Mar 2017 07:33
RU,03 Mar 2017 07:29
RU,08 Mar 2017 06:17
RU,08 Mar 2017 05:15
RU,08 Mar 2017 04:20
RU,08 Mar 2017 04:19
RU,08 Mar 2017 04:15
RU,08 Mar 2017 03:06
RU,07 Mar 2017 14:56
CH,07 Mar 2017 12:50
RU,07 Mar 2017 12:11
RU,07 Mar 2017 11:44
RU,07 Mar 2017 10:41
FR,07 Mar 2017 08:49
PL,07 Mar 2017 07:52
RU,07 Mar 2017 07:36
ES,07 Mar 2017 06:50
HR,07 Mar 2017 04:26
RU,07 Mar 2017 03:42
UA,07 Mar 2017 03:18
RU,07 Mar 2017 02:51
NZ,07 Mar 2017 00:04
FI,06 Mar 2017 18:15
RU,06 Mar 2017 15:37
RU,06 Mar 2017 14:29
FR,06 Mar 2017 13:50
DK,06 Mar 2017 13:09
FR,06 Mar 2017 13:06
RU,06 Mar 2017 11:44
RU,06 Mar 2017 10:30
RU,06 Mar 2017 09:26
RU,06 Mar 2017 06:18
RU,06 Mar 2017 06:12
OM,06 Mar 2017 05:21
BY,06 Mar 2017 04:22
RU,06 Mar 2017 02:58
RU,06 Mar 2017 01:18
CA,05 Mar 2017 22:21
RU,05 Mar 2017 22:16
RU,05 Mar 2017 21:16
FR,05 Mar 2017 15:05
RU,05 Mar 2017 14:42
NL,05 Mar 2017 12:42
RU,05 Mar 2017 11:29
ES,05 Mar 2017 11:29
UA,05 Mar 2017 11:25
KZ,05 Mar 2017 11:11
RU,05 Mar 2017 09:58
RU,05 Mar 2017 08:28
RU,05 Mar 2017 08:28
RU,05 Mar 2017 07:47
BE,05 Mar 2017 07:19
ES,05 Mar 2017 06:37
AT,05 Mar 2017 05:23
JP,05 Mar 2017 05:11
ES,05 Mar 2017 04:07
IT,05 Mar 2017 03:22
RU,05 Mar 2017 03:06
IT,05 Mar 2017 02:52
ES,05 Mar 2017 01:02
PH,04 Mar 2017 23:20
MV,04 Mar 2017 19:27
TR,04 Mar 2017 13:07
FR,04 Mar 2017 13:07
RU,04 Mar 2017 11:53
RU,04 Mar 2017 11:34
RU,04 Mar 2017 08:29
RU,04 Mar 2017 07:53
FR,04 Mar 2017 04:40
RU,04 Mar 2017 04:21
FR,04 Mar 2017 03:33
ES,04 Mar 2017 03:28
SG,04 Mar 2017 03:23
IL,04 Mar 2017 03:15
RU,04 Mar 2017 03:04
NZ,04 Mar 2017 02:33
UA,04 Mar 2017 01:05
RU,04 Mar 2017 00:51
RU,03 Mar 2017 23:31
RU,03 Mar 2017 21:27
RU,03 Mar 2017 20:27
US,03 Mar 2017 18:44
LT,03 Mar 2017 18:18
FR,03 Mar 2017 16:53
ES,03 Mar 2017 13:07
DE,03 Mar 2017 13:05
PL,03 Mar 2017 09:02
RU,03 Mar 2017 08:16
NL,03 Mar 2017 04:51
SG,03 Mar 2017 02:40
IT,03 Mar 2017 02:16
RU,03 Mar 2017 02:01
BY,03 Mar 2017 00:28
KZ,03 Mar 2017 00:04
ES,02 Mar 2017 22:39
RU,02 Mar 2017 15:16
FR,02 Mar 2017 14:05
RU,02 Mar 2017 12:00
BY,02 Mar 2017 11:42
RU,02 Mar 2017 10:58
RU,02 Mar 2017 10:45
FR,02 Mar 2017 10:30
IT,02 Mar 2017 10:07
RU,02 Mar 2017 09:12
FR,02 Mar 2017 09:08
CZ,02 Mar 2017 09:00
RU,02 Mar 2017 08:32
SE,02 Mar 2017 08:03
RU,02 Mar 2017 07:45
RU,02 Mar 2017 07:35
ES,02 Mar 2017 04:02
RU,02 Mar 2017 02:57
RU,02 Mar 2017 01:46
RU,02 Mar 2017 01:36
FR,02 Mar 2017 00:38
SK,02 Mar 2017 00:35
RU,01 Mar 2017 23:45
ES,01 Mar 2017 22:54
KR,01 Mar 2017 18:47
IT,01 Mar 2017 14:21
RU,01 Mar 2017 13:56
RU,01 Mar 2017 12:41
RU,08 Mar 2017 06:26
RU,07 Mar 2017 20:19
RU,07 Mar 2017 18:41
RU,07 Mar 2017 14:38
UA,07 Mar 2017 11:22
RU,07 Mar 2017 09:30
UA,07 Mar 2017 09:01
RU,07 Mar 2017 08:34
BY,07 Mar 2017 08:21
RU,07 Mar 2017 04:09
RU,07 Mar 2017 02:30
RU,07 Mar 2017 02:15
RU,07 Mar 2017 01:49
RU,07 Mar 2017 00:44
RU,06 Mar 2017 22:35
RU,06 Mar 2017 18:34
ES,06 Mar 2017 17:14
RU,06 Mar 2017 15:32
RU,06 Mar 2017 13:50
RU,06 Mar 2017 13:38
RU,06 Mar 2017 11:34
RU,06 Mar 2017 08:20
RU,06 Mar 2017 06:44
RU,06 Mar 2017 05:05
RU,06 Mar 2017 03:08
RU,06 Mar 2017 02:51
RU,06 Mar 2017 02:25
BY,06 Mar 2017 01:27
RU,05 Mar 2017 23:39
RU,05 Mar 2017 23:26
RU,05 Mar 2017 22:53
RU,05 Mar 2017 22:29
RU,05 Mar 2017 18:45
RU,05 Mar 2017 16:51
RU,05 Mar 2017 14:33
LV,05 Mar 2017 10:28
RU,05 Mar 2017 10:17
RU,05 Mar 2017 10:02
RU,05 Mar 2017 08:23
RU,05 Mar 2017 04:27
RU,05 Mar 2017 03:33
RU,05 Mar 2017 02:27
RU,05 Mar 2017 01:43
RU,05 Mar 2017 01:33
RU,05 Mar 2017 01:18
RU,05 Mar 2017 00:35
RU,05 Mar 2017 00:19
RU,05 Mar 2017 00:10
RU,04 Mar 2017 23:58
RU,04 Mar 2017 23:07
BY,04 Mar 2017 22:47
RU,04 Mar 2017 21:38
BY,04 Mar 2017 20:50
LV,04 Mar 2017 15:04
RU,04 Mar 2017 14:05
RU,04 Mar 2017 13:45
BG,04 Mar 2017 13:21
RU,04 Mar 2017 12:36
RU,04 Mar 2017 12:12
RU,04 Mar 2017 12:06
TR,04 Mar 2017 10:51
RU,04 Mar 2017 10:36
RU,04 Mar 2017 09:45
FR,04 Mar 2017 09:09
CH,04 Mar 2017 08:55
RU,04 Mar 2017 08:13
RU,04 Mar 2017 07:49
RU,04 Mar 2017 07:39
PL,04 Mar 2017 07:36
RU,04 Mar 2017 02:02
UA,04 Mar 2017 01:44
RU,04 Mar 2017 01:03
RU,03 Mar 2017 23:55
LV,03 Mar 2017 21:37
RU,03 Mar 2017 19:56
KR,03 Mar 2017 19:21
UA,03 Mar 2017 18:15
RU,03 Mar 2017 16:57
UA,03 Mar 2017 15:40
RU,03 Mar 2017 14:25
RU,03 Mar 2017 12:59
UA,03 Mar 2017 11:33
RU,03 Mar 2017 11:14
RU,03 Mar 2017 10:40
RU,03 Mar 2017 10:20
RU,03 Mar 2017 07:51
RU,03 Mar 2017 07:47
RU,03 Mar 2017 06:38
RU,03 Mar 2017 06:31
RU,03 Mar 2017 06:21
RU,03 Mar 2017 06:19
RU,03 Mar 2017 06:14
ES,03 Mar 2017 05:47
RU,03 Mar 2017 04:31
RU,03 Mar 2017 03:14
RU,03 Mar 2017 03:14
RU,03 Mar 2017 02:59
RU,03 Mar 2017 02:46
RU,02 Mar 2017 20:57
UA,02 Mar 2017 19:21
RU,02 Mar 2017 19:18
RU,02 Mar 2017 18:56
BR,02 Mar 2017 14:00
RU,02 Mar 2017 12:43
ES,02 Mar 2017 12:18
BG,02 Mar 2017 11:59
PL,02 Mar 2017 11:49
RU,02 Mar 2017 11:43
RU,02 Mar 2017 11:21
RU,02 Mar 2017 10:20
RU,02 Mar 2017 09:28
RU,02 Mar 2017 09:08
RU,02 Mar 2017 08:07
BR,02 Mar 2017 08:03
RU,02 Mar 2017 07:33
RU,02 Mar 2017 06:54
RU,02 Mar 2017 03:43
RU,02 Mar 2017 03:24
RU,01 Mar 2017 23:51
RU,01 Mar 2017 23:33
TR,08 Mar 2017 06:21
RU,08 Mar 2017 05:04
BY,08 Mar 2017 03:54
RU,08 Mar 2017 02:53
RU,08 Mar 2017 02:23
RU,07 Mar 2017 19:14
BR,07 Mar 2017 16:37
ES,07 Mar 2017 15:10
TR,08 Mar 2017 06:21
RU,08 Mar 2017 05:04
BY,08 Mar 2017 03:54
RU,08 Mar 2017 02:53
RU,08 Mar 2017 02:23
RU,07 Mar 2017 19:14
BR,07 Mar 2017 16:37
ES,07 Mar 2017 15:10
RU,06 Mar 2017 03:26
RU,06 Mar 2017 01:54
RU,05 Mar 2017 21:00
SRB,05 Mar 2017 14:09
RU,05 Mar 2017 12:45
DE,05 Mar 2017 12:16
RU,05 Mar 2017 11:35
RU,05 Mar 2017 11:00
RU,06 Mar 2017 23:35
RU,06 Mar 2017 22:23
SRB,06 Mar 2017 14:08
IT,06 Mar 2017 14:01
RU,06 Mar 2017 11:02
RU,06 Mar 2017 09:12
RU,06 Mar 2017 08:35
RU,06 Mar 2017 06:49
RU,05 Mar 2017 10:52
RU,05 Mar 2017 10:10
CZ,05 Mar 2017 08:23
GE,05 Mar 2017 07:48
GE,05 Mar 2017 07:47
RU,05 Mar 2017 07:29
RU,05 Mar 2017 06:23
RU,05 Mar 2017 05:50
RU,05 Mar 2017 05:07
RU,05 Mar 2017 03:28
RU,05 Mar 2017 02:42
TH,05 Mar 2017 02:34
RU,05 Mar 2017 01:50
RU,05 Mar 2017 01:18
RU,04 Mar 2017 14:20
RU,04 Mar 2017 12:44
NO,04 Mar 2017 11:09
TR,04 Mar 2017 09:01
SE,04 Mar 2017 08:15
RU,04 Mar 2017 06:28
RU,04 Mar 2017 05:41
MD,04 Mar 2017 05:37
RU,04 Mar 2017 04:50
TR,04 Mar 2017 01:48
RU,04 Mar 2017 01:37
RU,03 Mar 2017 23:53
RU,03 Mar 2017 23:24
RU,03 Mar 2017 20:21
PL,03 Mar 2017 14:21
RU,03 Mar 2017 11:34
KZ,03 Mar 2017 09:47
RU,03 Mar 2017 09:17
BY,03 Mar 2017 07:41
RU,03 Mar 2017 07:02
RU,03 Mar 2017 06:56
RU,03 Mar 2017 05:54
RU,03 Mar 2017 05:46
RU,03 Mar 2017 05:12
RU,03 Mar 2017 03:50
ES,03 Mar 2017 02:55
RU,03 Mar 2017 01:59
RU,03 Mar 2017 01:45
KZ,03 Mar 2017 00:59
RU,03 Mar 2017 00:17
RU,02 Mar 2017 22:53
BR,02 Mar 2017 17:49
RU,02 Mar 2017 16:10
RU,02 Mar 2017 11:51
RU,02 Mar 2017 06:30
RU,02 Mar 2017 05:44
RU,02 Mar 2017 04:30
RU,02 Mar 2017 02:34
RU,02 Mar 2017 01:35
KG,02 Mar 2017 01:34
RU,02 Mar 2017 01:30
RU,02 Mar 2017 01:21
RU,01 Mar 2017 23:39
RU,01 Mar 2017 23:38
AZ,01 Mar 2017 12:59
RU,01 Mar 2017 12:50
RU,01 Mar 2017 12:09
RU,01 Mar 2017 12:08
RU,01 Mar 2017 12:05
RU,01 Mar 2017 11:33
RU,01 Mar 2017 11:20
RU,01 Mar 2017 10:37
SRB,01 Mar 2017 09:48
NL,01 Mar 2017 06:46
RU,01 Mar 2017 06:34
RU,01 Mar 2017 06:02
RU,01 Mar 2017 04:03
TH,01 Mar 2017 03:53
RU,01 Mar 2017 02:31
RU,01 Mar 2017 01:06
RU,01 Mar 2017 01:01
RU,28 Feb 2017 22:06
RU,28 Feb 2017 21:06
RU,28 Feb 2017 20:33
PH,28 Feb 2017 19:17
IT,28 Feb 2017 15:22
RU,28 Feb 2017 12:14
KG,28 Feb 2017 11:40
RU,28 Feb 2017 09:14
RU,28 Feb 2017 08:05
RU,28 Feb 2017 08:05
RU,28 Feb 2017 07:47
RU,28 Feb 2017 07:29
RU,28 Feb 2017 07:21
RU,08 Mar 2017 02:58
RU,08 Mar 2017 02:57
RU,08 Mar 2017 02:30
RU,08 Mar 2017 02:28
RU,08 Mar 2017 00:25
RU,07 Mar 2017 22:30
SK,07 Mar 2017 07:40
US,07 Mar 2017 04:49
RU,07 Mar 2017 02:17
SA,07 Mar 2017 01:28
NL,06 Mar 2017 23:43
KR,06 Mar 2017 21:18
NL,06 Mar 2017 14:53
FR,06 Mar 2017 10:19
RU,06 Mar 2017 09:13
NL,06 Mar 2017 08:55
RU,06 Mar 2017 07:36
RU,06 Mar 2017 04:50
RU,06 Mar 2017 04:35
ID,06 Mar 2017 02:30
RU,06 Mar 2017 01:54
ES,06 Mar 2017 00:45
RU,05 Mar 2017 23:24
RU,05 Mar 2017 23:13
RU,05 Mar 2017 22:46
NL,05 Mar 2017 16:51
RU,05 Mar 2017 16:42
DE,05 Mar 2017 15:32
RU,05 Mar 2017 10:17
RU,05 Mar 2017 09:22
RU,05 Mar 2017 08:39
NL,05 Mar 2017 06:35
RU,05 Mar 2017 06:04
RU,05 Mar 2017 04:31
NG,04 Mar 2017 20:46
TR,04 Mar 2017 13:30
RU,04 Mar 2017 10:57
RU,04 Mar 2017 10:53
RU,04 Mar 2017 07:53
RU,04 Mar 2017 07:01
NG,04 Mar 2017 04:48
RU,04 Mar 2017 03:21
RU,04 Mar 2017 02:40
DK,04 Mar 2017 02:34
RU,03 Mar 2017 22:27
RU,03 Mar 2017 19:59
RU,03 Mar 2017 10:54
RU,03 Mar 2017 01:52
RU,02 Mar 2017 23:34
NZ,02 Mar 2017 15:35
RU,02 Mar 2017 11:47
RU,02 Mar 2017 10:44
RU,02 Mar 2017 09:12
RU,02 Mar 2017 06:48
LV,02 Mar 2017 04:40
RU,02 Mar 2017 02:58
RU,02 Mar 2017 00:57
KR,01 Mar 2017 23:27
RU,01 Mar 2017 21:39
RU,01 Mar 2017 21:35
RU,01 Mar 2017 20:22
GR,01 Mar 2017 13:23
AT,01 Mar 2017 12:07
RU,01 Mar 2017 11:54
RU,01 Mar 2017 05:44
RU,01 Mar 2017 05:33
RU,01 Mar 2017 05:19
RU,01 Mar 2017 04:55
RU,01 Mar 2017 02:32
SE,28 Feb 2017 23:34
SK,28 Feb 2017 23:16
RU,28 Feb 2017 20:50
RU,28 Feb 2017 20:43
PH,28 Feb 2017 19:17
RU,28 Feb 2017 14:23
RU,28 Feb 2017 13:35
RU,28 Feb 2017 10:01
RU,28 Feb 2017 09:25
RU,28 Feb 2017 09:07
HU,28 Feb 2017 08:51
RU,28 Feb 2017 08:00
RU,28 Feb 2017 07:50
RU,28 Feb 2017 07:49
JP,28 Feb 2017 06:16
RU,28 Feb 2017 06:11
GE,28 Feb 2017 00:40
RU,27 Feb 2017 22:41
RU,27 Feb 2017 22:22
RU,27 Feb 2017 20:15
RU,27 Feb 2017 15:45
RU,27 Feb 2017 13:15
RU,27 Feb 2017 13:14
CZ,27 Feb 2017 12:37
RU,27 Feb 2017 10:16
RU,27 Feb 2017 09:54
GE,27 Feb 2017 08:33
KR,27 Feb 2017 08:17
RU,27 Feb 2017 05:30
RU,27 Feb 2017 05:12
RU,27 Feb 2017 04:40
RU,26 Feb 2017 23:52
CA,26 Feb 2017 20:51
RU,26 Feb 2017 12:39
RU,26 Feb 2017 08:24
RU,26 Feb 2017 08:20
RU,26 Feb 2017 08:04
RU,26 Feb 2017 04:51
RU,26 Feb 2017 04:23
RU,25 Feb 2017 23:39
RU,25 Feb 2017 16:39
GR,25 Feb 2017 13:18
RU,25 Feb 2017 13:05
CZ,25 Feb 2017 12:23
RU,25 Feb 2017 12:08
RU,25 Feb 2017 11:47
NL,25 Feb 2017 11:12
RU,25 Feb 2017 10:51
RU,25 Feb 2017 10:49
BY,25 Feb 2017 10:47
TH,25 Feb 2017 10:42
RU,08 Mar 2017 05:39
RU,08 Mar 2017 02:58
RU,08 Mar 2017 02:24
RU,08 Mar 2017 02:24
RU,08 Mar 2017 02:07
ES,07 Mar 2017 15:10
RU,07 Mar 2017 14:03
ES,07 Mar 2017 11:23
RU,07 Mar 2017 09:07
RU,07 Mar 2017 08:40
RU,07 Mar 2017 08:38
RU,07 Mar 2017 08:36
RU,07 Mar 2017 08:34
RU,07 Mar 2017 08:24
RU,07 Mar 2017 08:08
DK,07 Mar 2017 08:04
RU,07 Mar 2017 07:26
RU,07 Mar 2017 05:44
FR,07 Mar 2017 04:40
RU,06 Mar 2017 11:11
RU,06 Mar 2017 10:22
RU,06 Mar 2017 09:30
RU,06 Mar 2017 09:12
CY,06 Mar 2017 08:57
CY,06 Mar 2017 08:57
RU,06 Mar 2017 08:49
RU,06 Mar 2017 08:11
HU,06 Mar 2017 07:09
RU,06 Mar 2017 05:50
RU,06 Mar 2017 05:49
RU,06 Mar 2017 04:16
RU,06 Mar 2017 04:16
RU,06 Mar 2017 01:54
RU,05 Mar 2017 23:47
RU,05 Mar 2017 21:22
RU,05 Mar 2017 11:00
GE,05 Mar 2017 07:49
GE,05 Mar 2017 07:49
GE,05 Mar 2017 07:49
GE,05 Mar 2017 07:49
RU,05 Mar 2017 06:42
US,05 Mar 2017 06:30
RU,05 Mar 2017 03:29
RU,05 Mar 2017 03:17
TR,05 Mar 2017 03:00
RU,05 Mar 2017 01:50
RU,04 Mar 2017 17:21
SRB,04 Mar 2017 13:09
RU,04 Mar 2017 12:44
UA,04 Mar 2017 11:16
UA,04 Mar 2017 10:42
RU,04 Mar 2017 10:04
LV,04 Mar 2017 09:17
UA,04 Mar 2017 09:10
RU,04 Mar 2017 08:55
RU,04 Mar 2017 07:45
RU,04 Mar 2017 05:41
HR,04 Mar 2017 05:32
RU,04 Mar 2017 04:50
RU,04 Mar 2017 01:16
BY,03 Mar 2017 08:16
RU,03 Mar 2017 07:35
RU,03 Mar 2017 05:01
RU,03 Mar 2017 03:47
RU,03 Mar 2017 03:45
CZ,03 Mar 2017 02:46
RU,02 Mar 2017 22:53
RU,02 Mar 2017 16:54
FI,02 Mar 2017 09:40
RU,02 Mar 2017 09:39
PL,02 Mar 2017 06:51
RU,02 Mar 2017 03:50
RU,02 Mar 2017 02:29
RU,02 Mar 2017 02:05
RU,02 Mar 2017 01:55
RU,02 Mar 2017 01:21
SI,01 Mar 2017 23:55
RU,01 Mar 2017 23:53
RU,01 Mar 2017 23:39
RU,01 Mar 2017 23:38
RU,01 Mar 2017 22:17
RU,01 Mar 2017 22:15
UK,01 Mar 2017 14:40
CH,01 Mar 2017 13:27
AZ,01 Mar 2017 13:02
PL,01 Mar 2017 12:51
RU,01 Mar 2017 12:50
RU,01 Mar 2017 12:05
KZ,01 Mar 2017 10:05
RU,01 Mar 2017 09:59
RU,01 Mar 2017 09:57
SRB,01 Mar 2017 09:48
RU,01 Mar 2017 05:43
RU,01 Mar 2017 04:03
RU,01 Mar 2017 03:37
RU,01 Mar 2017 03:36
RU,01 Mar 2017 02:31
LV,28 Feb 2017 13:19
RU,28 Feb 2017 08:27
RU,28 Feb 2017 07:29
RU,28 Feb 2017 05:08
ES,28 Feb 2017 04:38
BY,28 Feb 2017 04:19
RU,28 Feb 2017 01:43
RU,28 Feb 2017 00:05
RU,27 Feb 2017 23:57
RU,27 Feb 2017 22:32
RU,27 Feb 2017 20:11
RU,27 Feb 2017 13:54
RU,27 Feb 2017 13:26
ES,27 Feb 2017 13:14
RU,27 Feb 2017 10:43
RU,27 Feb 2017 08:05
RU,27 Feb 2017 08:05
RU,27 Feb 2017 07:53
RU,26 Feb 2017 13:35
RU,26 Feb 2017 13:29
RU,26 Feb 2017 09:59
RU,26 Feb 2017 08:52
PL,26 Feb 2017 08:06
TR,08 Mar 2017 06:21
RU,08 Mar 2017 02:53
RU,08 Mar 2017 01:34
SK,08 Mar 2017 01:24
AT,08 Mar 2017 00:49
AT,07 Mar 2017 15:35
LV,07 Mar 2017 15:18
LT,07 Mar 2017 12:37
TR,08 Mar 2017 06:21
RU,08 Mar 2017 02:53
RU,08 Mar 2017 01:34
SK,08 Mar 2017 01:24
AT,08 Mar 2017 00:49
AT,07 Mar 2017 15:35
LV,07 Mar 2017 15:18
LT,07 Mar 2017 12:37
SRB,05 Mar 2017 14:09
RU,05 Mar 2017 09:47
GE,05 Mar 2017 07:47
LT,05 Mar 2017 07:20
RU,05 Mar 2017 03:25
RU,05 Mar 2017 01:50
NO,04 Mar 2017 11:09
RU,04 Mar 2017 10:41
CY,06 Mar 2017 08:57
CY,06 Mar 2017 08:57
NL,06 Mar 2017 07:57
BG,06 Mar 2017 06:10
RU,06 Mar 2017 04:23
KZ,06 Mar 2017 02:09
RU,06 Mar 2017 00:18
KR,05 Mar 2017 22:45
UA,04 Mar 2017 09:10
RU,04 Mar 2017 05:41
SA,04 Mar 2017 01:18
RU,03 Mar 2017 13:48
RU,03 Mar 2017 11:22
RU,03 Mar 2017 10:11
RU,03 Mar 2017 00:17
RU,02 Mar 2017 22:53
BY,02 Mar 2017 16:19
RU,02 Mar 2017 14:32
LT,02 Mar 2017 14:12
AT,02 Mar 2017 13:58
RU,02 Mar 2017 06:30
RU,02 Mar 2017 01:57
PL,02 Mar 2017 00:30
RU,01 Mar 2017 12:05
RU,01 Mar 2017 06:41
RU,01 Mar 2017 02:31
SK,28 Feb 2017 23:16
PL,28 Feb 2017 18:51
IT,28 Feb 2017 15:22
RU,28 Feb 2017 11:49
RU,28 Feb 2017 07:29
RU,28 Feb 2017 00:05
RU,27 Feb 2017 23:42
MD,27 Feb 2017 12:18
RU,27 Feb 2017 11:09
RU,27 Feb 2017 11:02
RU,27 Feb 2017 10:21
KZ,27 Feb 2017 06:16
RU,27 Feb 2017 02:48
EE,27 Feb 2017 01:11
RU,26 Feb 2017 19:37
RU,26 Feb 2017 19:18
RU,26 Feb 2017 14:20
FR,26 Feb 2017 13:08
RU,26 Feb 2017 05:28
RU,26 Feb 2017 04:32
RU,25 Feb 2017 23:53
RU,25 Feb 2017 23:42
RU,25 Feb 2017 21:18
TH,25 Feb 2017 10:42
RU,25 Feb 2017 09:13
RU,25 Feb 2017 07:27
RU,25 Feb 2017 06:58
RU,25 Feb 2017 00:38
KZ,24 Feb 2017 19:33
IE,24 Feb 2017 15:50
RU,24 Feb 2017 14:09
RU,24 Feb 2017 14:03
RU,24 Feb 2017 12:30
RU,24 Feb 2017 11:30
EE,24 Feb 2017 02:46
EE,24 Feb 2017 02:43
EE,24 Feb 2017 02:41
RU,24 Feb 2017 00:19
RU,23 Feb 2017 20:04
RU,23 Feb 2017 15:32
KZ,23 Feb 2017 12:00
RU,23 Feb 2017 08:57
SRB,23 Feb 2017 05:59
RU,23 Feb 2017 05:45
RU,23 Feb 2017 02:39
HU,23 Feb 2017 01:01
RU,22 Feb 2017 20:25
RU,22 Feb 2017 16:58
TH,22 Feb 2017 13:42
RU,22 Feb 2017 12:05
RU,22 Feb 2017 09:54
RU,22 Feb 2017 08:58
RU,22 Feb 2017 08:21
RU,22 Feb 2017 08:19
NL,22 Feb 2017 08:06
RU,22 Feb 2017 05:33
RU,22 Feb 2017 04:47
MD,22 Feb 2017 03:17
LV,21 Feb 2017 23:41
RU,21 Feb 2017 21:43
RU,21 Feb 2017 11:30
LT,21 Feb 2017 11:11
RU,21 Feb 2017 10:02
RU,21 Feb 2017 09:41
RU,21 Feb 2017 09:23
RU,21 Feb 2017 05:46
RU,21 Feb 2017 02:34
RU,21 Feb 2017 00:46
RU,21 Feb 2017 00:00
RU,20 Feb 2017 09:52
RU,08 Mar 2017 04:23
RU,08 Mar 2017 02:44
RU,08 Mar 2017 02:14
RU,08 Mar 2017 01:43
RU,08 Mar 2017 01:32
RU,08 Mar 2017 01:31
RU,08 Mar 2017 01:21
RU,08 Mar 2017 01:14
RU,08 Mar 2017 04:23
RU,08 Mar 2017 02:44
RU,08 Mar 2017 02:14
RU,08 Mar 2017 01:43
RU,08 Mar 2017 01:32
RU,08 Mar 2017 01:31
RU,08 Mar 2017 01:21
RU,08 Mar 2017 01:14
RU,06 Mar 2017 09:16
NO,06 Mar 2017 06:55
RU,06 Mar 2017 05:34
RU,05 Mar 2017 20:27
RU,05 Mar 2017 17:39
ES,05 Mar 2017 16:00
RU,05 Mar 2017 15:22
RU,05 Mar 2017 12:45
RU,07 Mar 2017 04:06
RU,07 Mar 2017 03:38
RU,07 Mar 2017 02:54
RU,07 Mar 2017 00:18
RU,06 Mar 2017 20:34
RU,06 Mar 2017 13:56
RU,06 Mar 2017 11:46
RU,06 Mar 2017 11:09
RU,05 Mar 2017 12:24
RU,05 Mar 2017 12:09
RU,05 Mar 2017 08:53
RU,05 Mar 2017 08:24
RU,05 Mar 2017 08:14
RU,05 Mar 2017 08:00
RU,05 Mar 2017 05:52
RU,05 Mar 2017 04:29
RU,05 Mar 2017 04:11
RU,05 Mar 2017 01:53
RU,05 Mar 2017 00:22
RU,04 Mar 2017 22:45
RU,04 Mar 2017 17:38
RU,04 Mar 2017 11:02
RU,04 Mar 2017 10:18
RU,04 Mar 2017 08:57
RU,04 Mar 2017 05:57
RU,04 Mar 2017 05:30
RU,04 Mar 2017 05:28
RU,04 Mar 2017 04:09
RU,03 Mar 2017 21:58
RU,03 Mar 2017 17:49
RU,03 Mar 2017 14:26
RU,03 Mar 2017 13:04
RU,03 Mar 2017 09:31
RU,03 Mar 2017 08:58
RU,03 Mar 2017 08:58
RU,03 Mar 2017 07:03
RU,03 Mar 2017 06:45
RU,03 Mar 2017 06:23
RU,03 Mar 2017 05:56
RU,03 Mar 2017 04:51
RU,03 Mar 2017 03:33
RU,03 Mar 2017 02:27
RU,03 Mar 2017 00:33
RU,02 Mar 2017 22:26
RU,02 Mar 2017 18:31
RU,02 Mar 2017 18:21
RU,02 Mar 2017 12:49
RU,02 Mar 2017 10:40
RU,02 Mar 2017 10:11
RU,02 Mar 2017 09:55
RU,02 Mar 2017 08:01
RU,02 Mar 2017 07:32
RU,02 Mar 2017 06:28
RU,02 Mar 2017 05:59
RU,02 Mar 2017 03:13
RU,02 Mar 2017 03:08
RU,02 Mar 2017 01:49
RU,02 Mar 2017 01:24
RU,01 Mar 2017 23:12
RU,01 Mar 2017 12:41
RU,01 Mar 2017 12:03
RU,01 Mar 2017 11:31
RU,01 Mar 2017 08:03
RU,01 Mar 2017 05:16
KZ,01 Mar 2017 03:20
RU,01 Mar 2017 02:14
RU,28 Feb 2017 11:44
RU,28 Feb 2017 11:00
RU,28 Feb 2017 10:12
RU,28 Feb 2017 08:52
RU,28 Feb 2017 04:06
RU,28 Feb 2017 02:46
RU,28 Feb 2017 02:40
RU,28 Feb 2017 02:33
RU,28 Feb 2017 01:52
RU,28 Feb 2017 01:42
CH,28 Feb 2017 01:19
RU,27 Feb 2017 21:03
RU,27 Feb 2017 20:26
RU,27 Feb 2017 15:23
RU,27 Feb 2017 10:14
RU,27 Feb 2017 07:53
RU,27 Feb 2017 07:18
RU,26 Feb 2017 21:57
RU,26 Feb 2017 21:43
RU,26 Feb 2017 15:08
RU,26 Feb 2017 06:21
KZ,26 Feb 2017 05:30
RU,26 Feb 2017 04:37
NO,26 Feb 2017 02:57
RU,26 Feb 2017 02:24
RU,26 Feb 2017 00:58
RU,25 Feb 2017 13:34
RU,25 Feb 2017 12:56
RU,25 Feb 2017 01:17
RU,24 Feb 2017 22:35
RU,08 Mar 2017 06:40
RU,08 Mar 2017 03:05
RU,08 Mar 2017 00:30
RU,08 Mar 2017 00:09
RU,07 Mar 2017 23:07
PT,07 Mar 2017 13:54
PT,07 Mar 2017 10:39
RU,07 Mar 2017 10:34
RU,08 Mar 2017 06:40
RU,08 Mar 2017 03:05
RU,08 Mar 2017 00:30
RU,08 Mar 2017 00:09
RU,07 Mar 2017 23:07
PT,07 Mar 2017 13:54
PT,07 Mar 2017 10:39
RU,07 Mar 2017 10:34
ES,06 Mar 2017 02:55
RU,06 Mar 2017 01:11
RU,05 Mar 2017 23:23
RU,05 Mar 2017 23:12
PL,05 Mar 2017 22:41
RU,05 Mar 2017 22:30
RU,05 Mar 2017 11:51
RU,05 Mar 2017 10:54
PL,06 Mar 2017 14:49
ES,06 Mar 2017 14:47
ES,06 Mar 2017 14:28
RU,06 Mar 2017 11:42
RU,06 Mar 2017 11:11
RU,06 Mar 2017 10:32
RU,06 Mar 2017 10:03
RU,06 Mar 2017 09:59
RU,05 Mar 2017 10:51
RU,05 Mar 2017 10:01
RU,05 Mar 2017 09:45
RU,05 Mar 2017 09:22
SK,05 Mar 2017 08:37
RU,05 Mar 2017 08:29
RU,05 Mar 2017 07:53
RU,05 Mar 2017 07:41
RU,05 Mar 2017 07:21
RU,05 Mar 2017 06:01
RU,05 Mar 2017 05:21
RU,05 Mar 2017 04:04
CZ,05 Mar 2017 01:01
RU,05 Mar 2017 00:48
FR,04 Mar 2017 13:24
RU,04 Mar 2017 12:17
RU,04 Mar 2017 10:54
RU,04 Mar 2017 10:09
ES,04 Mar 2017 10:05
RU,04 Mar 2017 07:53
RU,04 Mar 2017 07:31
RU,04 Mar 2017 07:14
RU,04 Mar 2017 06:50
AT,04 Mar 2017 05:41
RU,04 Mar 2017 03:35
PT,04 Mar 2017 01:55
RU,04 Mar 2017 01:03
RU,03 Mar 2017 20:18
SK,03 Mar 2017 14:04
ES,03 Mar 2017 10:22
RU,03 Mar 2017 09:57
FR,03 Mar 2017 09:10
SK,03 Mar 2017 06:10
RU,03 Mar 2017 05:26
RU,03 Mar 2017 04:11
RU,02 Mar 2017 17:09
PL,02 Mar 2017 11:58
AT,02 Mar 2017 11:31
RU,02 Mar 2017 10:48
RU,02 Mar 2017 10:29
RU,02 Mar 2017 09:13
RU,02 Mar 2017 08:41
RU,02 Mar 2017 06:47
RU,02 Mar 2017 05:59
RU,02 Mar 2017 00:40
SK,02 Mar 2017 00:35
RU,02 Mar 2017 00:32
RU,02 Mar 2017 00:02
RU,01 Mar 2017 22:38
RU,01 Mar 2017 22:05
PL,01 Mar 2017 12:51
FR,01 Mar 2017 10:32
RU,01 Mar 2017 09:55
RU,01 Mar 2017 09:22
UK,01 Mar 2017 08:26
CZ,01 Mar 2017 07:29
ES,01 Mar 2017 06:59
AT,01 Mar 2017 05:55
RU,01 Mar 2017 05:48
RU,01 Mar 2017 05:01
RU,01 Mar 2017 04:34
RU,01 Mar 2017 02:15
RU,01 Mar 2017 00:50
ES,28 Feb 2017 21:33
ES,28 Feb 2017 14:38
RU,28 Feb 2017 11:45
RU,28 Feb 2017 09:51
RU,28 Feb 2017 09:31
RU,28 Feb 2017 09:29
RU,28 Feb 2017 07:51
RU,28 Feb 2017 07:44
NL,28 Feb 2017 02:09
RU,28 Feb 2017 00:17
RU,27 Feb 2017 21:42
PT,27 Feb 2017 14:38
RU,27 Feb 2017 14:11
PL,27 Feb 2017 13:47
ES,27 Feb 2017 13:08
RU,27 Feb 2017 12:26
CZ,27 Feb 2017 12:14
RU,27 Feb 2017 11:50
RU,27 Feb 2017 11:48
RU,27 Feb 2017 11:36
BE,27 Feb 2017 11:20
RU,27 Feb 2017 11:01
FR,27 Feb 2017 10:39
RU,27 Feb 2017 10:06
PL,27 Feb 2017 09:25
RU,08 Mar 2017 05:37
KR,08 Mar 2017 04:13
RU,08 Mar 2017 03:18
PL,08 Mar 2017 02:29
JP,07 Mar 2017 22:16
JP,07 Mar 2017 16:39
UA,07 Mar 2017 15:15
RU,07 Mar 2017 12:59
RU,07 Mar 2017 11:58
ES,07 Mar 2017 11:47
RU,07 Mar 2017 10:56
RU,07 Mar 2017 09:04
RU,07 Mar 2017 07:33
RU,07 Mar 2017 05:47
EE,07 Mar 2017 05:04
RU,07 Mar 2017 02:59
RU,07 Mar 2017 02:23
NZ,07 Mar 2017 01:10
RU,07 Mar 2017 00:21
RU,06 Mar 2017 22:10
IL,06 Mar 2017 16:13
RU,06 Mar 2017 11:41
KR,06 Mar 2017 11:15
RU,06 Mar 2017 10:10
RU,06 Mar 2017 06:12
RU,06 Mar 2017 05:02
KZ,06 Mar 2017 04:52
PL,06 Mar 2017 03:52
BR,06 Mar 2017 02:39
HU,06 Mar 2017 01:50
RU,05 Mar 2017 23:20
RU,05 Mar 2017 21:17
RU,05 Mar 2017 20:41
UA,05 Mar 2017 13:25
CL,05 Mar 2017 11:37
KZ,05 Mar 2017 11:07
DE,05 Mar 2017 08:46
SE,05 Mar 2017 08:34
RU,05 Mar 2017 06:06
RU,05 Mar 2017 06:02
SE,05 Mar 2017 05:48
KZ,05 Mar 2017 04:33
RU,05 Mar 2017 03:43
LV,05 Mar 2017 03:30
RU,05 Mar 2017 03:03
RU,05 Mar 2017 02:17
RU,05 Mar 2017 02:13
RU,05 Mar 2017 00:44
RU,04 Mar 2017 14:22
RU,04 Mar 2017 12:52
RU,04 Mar 2017 11:26
KZ,04 Mar 2017 09:42
RU,04 Mar 2017 09:00
KZ,04 Mar 2017 08:18
RU,04 Mar 2017 07:09
RU,04 Mar 2017 06:13
RU,04 Mar 2017 04:57
UA,04 Mar 2017 02:05
RU,03 Mar 2017 20:45
RU,03 Mar 2017 19:05
RU,03 Mar 2017 13:54
RU,03 Mar 2017 13:07
CH,03 Mar 2017 12:19
PK,03 Mar 2017 12:16
RU,03 Mar 2017 11:04
RU,03 Mar 2017 10:45
RU,03 Mar 2017 09:52
RU,03 Mar 2017 08:01
RU,03 Mar 2017 06:33
RU,03 Mar 2017 05:58
RU,03 Mar 2017 01:06
RU,03 Mar 2017 00:29
RU,02 Mar 2017 22:26
RU,02 Mar 2017 16:00
RU,02 Mar 2017 14:31
RU,02 Mar 2017 12:36
RU,02 Mar 2017 11:26
RU,02 Mar 2017 07:43
RU,02 Mar 2017 07:40
RU,02 Mar 2017 06:32
RU,02 Mar 2017 06:10
CZ,02 Mar 2017 06:03
RU,02 Mar 2017 05:49
RU,02 Mar 2017 04:08
RU,02 Mar 2017 03:37
RU,02 Mar 2017 01:58
UA,02 Mar 2017 01:53
RU,02 Mar 2017 00:59
RU,01 Mar 2017 22:51
RU,01 Mar 2017 22:27
RU,01 Mar 2017 21:53
RU,01 Mar 2017 17:49
SE,01 Mar 2017 11:57
RU,01 Mar 2017 09:15
RU,01 Mar 2017 08:33
RU,01 Mar 2017 07:43
RU,01 Mar 2017 05:16
HU,01 Mar 2017 02:32
RU,01 Mar 2017 01:39
RU,28 Feb 2017 23:46
KZ,28 Feb 2017 20:14
RU,28 Feb 2017 13:28
RU,28 Feb 2017 11:52
RU,28 Feb 2017 09:59
RU,28 Feb 2017 09:32
RU,28 Feb 2017 09:25
RU,28 Feb 2017 09:12
NL,28 Feb 2017 09:09
RU,28 Feb 2017 08:48
RU,28 Feb 2017 04:50
RU,28 Feb 2017 02:33
RU,27 Feb 2017 23:55
RU,27 Feb 2017 23:49
RU,27 Feb 2017 23:31
EE,27 Feb 2017 22:21
RU,27 Feb 2017 19:14
RU,27 Feb 2017 17:48
RU,27 Feb 2017 13:37
LT,27 Feb 2017 13:26
RU,27 Feb 2017 09:12
RU,08 Mar 2017 05:12
RU,08 Mar 2017 02:52
RU,07 Mar 2017 16:43
BR,07 Mar 2017 09:41
RU,07 Mar 2017 06:41
PT,07 Mar 2017 04:33
DE,07 Mar 2017 01:19
RU,06 Mar 2017 23:55
RU,06 Mar 2017 22:59
RU,06 Mar 2017 22:48
RU,06 Mar 2017 21:12
RU,06 Mar 2017 19:23
RU,06 Mar 2017 13:37
CA,06 Mar 2017 12:09
CL,06 Mar 2017 11:55
RU,06 Mar 2017 10:45
RU,06 Mar 2017 05:58
RU,06 Mar 2017 03:47
RU,05 Mar 2017 21:59
GE,05 Mar 2017 21:16
CL,05 Mar 2017 18:27
RU,05 Mar 2017 14:03
RU,05 Mar 2017 13:25
RU,05 Mar 2017 12:00
RU,05 Mar 2017 11:17
UA,05 Mar 2017 11:14
RU,05 Mar 2017 10:47
RU,05 Mar 2017 09:58
RU,05 Mar 2017 09:54
RU,05 Mar 2017 08:14
RU,05 Mar 2017 06:02
UA,05 Mar 2017 02:13
RU,05 Mar 2017 02:03
RU,04 Mar 2017 23:33
IN,04 Mar 2017 22:58
ES,04 Mar 2017 21:52
RU,04 Mar 2017 20:59
RU,04 Mar 2017 10:23
RU,04 Mar 2017 09:39
RU,04 Mar 2017 09:20
RU,04 Mar 2017 08:01
RU,04 Mar 2017 07:09
RU,04 Mar 2017 06:25
BR,04 Mar 2017 05:48
LT,04 Mar 2017 04:40
RU,04 Mar 2017 01:29
DE,04 Mar 2017 00:45
RU,04 Mar 2017 00:27
RU,03 Mar 2017 20:20
RU,03 Mar 2017 18:20
RU,03 Mar 2017 13:17
RU,03 Mar 2017 12:43
TR,03 Mar 2017 11:28
RU,03 Mar 2017 11:27
RU,03 Mar 2017 05:33
RU,03 Mar 2017 04:34
RU,03 Mar 2017 02:56
RU,03 Mar 2017 02:11
RU,03 Mar 2017 00:39
IN,02 Mar 2017 23:07
RU,02 Mar 2017 18:02
ES,02 Mar 2017 16:00
EE,02 Mar 2017 11:38
RU,02 Mar 2017 10:50
RU,02 Mar 2017 10:32
RU,02 Mar 2017 10:27
IL,02 Mar 2017 04:40
UA,02 Mar 2017 02:16
RU,02 Mar 2017 02:01
RU,01 Mar 2017 23:41
EE,01 Mar 2017 22:56
RU,01 Mar 2017 19:44
BR,01 Mar 2017 16:18
RU,01 Mar 2017 13:38
BE,01 Mar 2017 12:54
RU,01 Mar 2017 11:07
BY,01 Mar 2017 09:57
RU,01 Mar 2017 07:21
RU,01 Mar 2017 04:09
RU,01 Mar 2017 03:25
UA,01 Mar 2017 02:16
RU,01 Mar 2017 00:17
UA,28 Feb 2017 23:46
UA,28 Feb 2017 22:45
BY,28 Feb 2017 22:38
RU,28 Feb 2017 22:17
RU,28 Feb 2017 15:35
KZ,28 Feb 2017 14:59
RU,28 Feb 2017 12:42
RU,28 Feb 2017 11:18
RU,28 Feb 2017 11:12
RU,28 Feb 2017 08:39
RU,28 Feb 2017 07:21
CH,28 Feb 2017 05:25
RU,28 Feb 2017 02:11
RU,27 Feb 2017 23:46
NL,27 Feb 2017 22:38
KZ,27 Feb 2017 20:07
RU,27 Feb 2017 15:16
RU,27 Feb 2017 14:59
PT,27 Feb 2017 14:36
PT,27 Feb 2017 10:46
RU,27 Feb 2017 09:15
RU,27 Feb 2017 08:00
UA,27 Feb 2017 06:52
UA,27 Feb 2017 06:47
RU,27 Feb 2017 06:28
RU,27 Feb 2017 06:04
TR,27 Feb 2017 05:33
NL,27 Feb 2017 05:02
UA,27 Feb 2017 04:31
LB,26 Feb 2017 12:47
RU,26 Feb 2017 11:15
RU,26 Feb 2017 10:14
RU,26 Feb 2017 09:53
SE,26 Feb 2017 09:36
IL,26 Feb 2017 06:55
RU,26 Feb 2017 04:29
RU,26 Feb 2017 03:17
ES,26 Feb 2017 02:37
ES,07 Mar 2017 17:31
RU,07 Mar 2017 13:18
IN,07 Mar 2017 04:13
NZ,07 Mar 2017 01:11
PL,06 Mar 2017 18:47
RU,06 Mar 2017 09:58
KR,06 Mar 2017 07:11
DE,06 Mar 2017 04:26
CA,05 Mar 2017 22:40
RO,05 Mar 2017 14:47
BE,05 Mar 2017 12:26
KR,05 Mar 2017 06:11
SK,05 Mar 2017 04:53
FI,05 Mar 2017 02:17
RU,04 Mar 2017 23:54
SK,04 Mar 2017 10:30
AU,04 Mar 2017 09:18
SE,03 Mar 2017 17:33
US,03 Mar 2017 16:28
LV,03 Mar 2017 13:14
CY,03 Mar 2017 07:11
RU,03 Mar 2017 01:43
RU,03 Mar 2017 01:11
AU,02 Mar 2017 20:26
RU,02 Mar 2017 10:38
KZ,01 Mar 2017 22:48
PT,01 Mar 2017 20:29
US,01 Mar 2017 18:20
PL,01 Mar 2017 16:57
EE,01 Mar 2017 14:29
RU,01 Mar 2017 05:16
SN,28 Feb 2017 16:38
BR,28 Feb 2017 15:43
RU,28 Feb 2017 11:23
RO,27 Feb 2017 13:17
RU,27 Feb 2017 09:40
IL,27 Feb 2017 03:26
RU,26 Feb 2017 07:25
RU,26 Feb 2017 05:48
RU,25 Feb 2017 10:06
KZ,24 Feb 2017 23:37
RU,24 Feb 2017 09:07
RU,24 Feb 2017 03:45
RU,24 Feb 2017 02:15
RU,23 Feb 2017 01:36
KZ,22 Feb 2017 22:53
UA,22 Feb 2017 00:49
RU,21 Feb 2017 23:36
US,21 Feb 2017 22:44
JP,21 Feb 2017 03:15
LT,21 Feb 2017 02:29
TR,20 Feb 2017 01:39
RU,18 Feb 2017 00:21
RU,17 Feb 2017 10:30
RU,17 Feb 2017 08:21
RU,16 Feb 2017 04:17
SK,15 Feb 2017 22:40
RU,15 Feb 2017 12:09
RU,15 Feb 2017 07:51
CZ,15 Feb 2017 01:09
US,14 Feb 2017 21:51
RU,14 Feb 2017 20:45
CA,14 Feb 2017 17:41
RU,14 Feb 2017 13:59
MU,14 Feb 2017 13:29
RU,13 Feb 2017 22:55
KZ,13 Feb 2017 20:43
RU,12 Feb 2017 14:06
SE,12 Feb 2017 12:27
KR,12 Feb 2017 07:12
RU,12 Feb 2017 00:53
LT,11 Feb 2017 08:19
RO,10 Feb 2017 02:34
RU,09 Feb 2017 11:55
KZ,09 Feb 2017 11:05
TH,09 Feb 2017 10:30
LV,09 Feb 2017 06:24
SK,08 Feb 2017 11:16
RU,08 Feb 2017 11:09
RU,08 Feb 2017 10:21
NO,08 Feb 2017 08:37
RU,08 Feb 2017 06:18
RU,07 Feb 2017 20:54
RU,07 Feb 2017 18:54
RU,07 Feb 2017 10:11
DE,07 Feb 2017 10:03
CA,07 Feb 2017 09:47
TR,07 Feb 2017 03:20
RU,06 Feb 2017 15:06
RU,06 Feb 2017 10:54
DE,05 Feb 2017 13:14
RU,05 Feb 2017 10:35
US,05 Feb 2017 07:46
RU,05 Feb 2017 05:14
RU,05 Feb 2017 04:40
UA,04 Feb 2017 11:55
UA,04 Feb 2017 06:08
BY,04 Feb 2017 02:06
BY,03 Feb 2017 05:05
RU,03 Feb 2017 02:10
PL,01 Feb 2017 11:54
KZ,01 Feb 2017 09:04
KZ,01 Feb 2017 08:07
UA,31 Jan 2017 11:44
RU,30 Jan 2017 18:52
NO,30 Jan 2017 12:45
GF,30 Jan 2017 10:52
DE,30 Jan 2017 09:53
RU,30 Jan 2017 03:24
US,29 Jan 2017 21:37
IT,29 Jan 2017 13:01
RU,29 Jan 2017 08:46
BR,28 Jan 2017 17:34
RU,28 Jan 2017 13:43
SE,27 Jan 2017 08:36
GR,27 Jan 2017 03:42
NZ,26 Jan 2017 13:05
RU,26 Jan 2017 03:20
RU,26 Jan 2017 02:00
AM,26 Jan 2017 01:32
RU,08 Mar 2017 06:45
IT,08 Mar 2017 06:43
MY,08 Mar 2017 06:35
RU,08 Mar 2017 05:41
IL,08 Mar 2017 05:35
RU,08 Mar 2017 05:20
RU,08 Mar 2017 04:17
RU,08 Mar 2017 04:00
RU,08 Mar 2017 06:45
IT,08 Mar 2017 06:43
MY,08 Mar 2017 06:35
RU,08 Mar 2017 05:41
IL,08 Mar 2017 05:35
RU,08 Mar 2017 05:20
RU,08 Mar 2017 04:17
RU,08 Mar 2017 04:00
UA,07 Mar 2017 13:28
FR,07 Mar 2017 13:06
RU,07 Mar 2017 12:45
RU,07 Mar 2017 11:52
RU,07 Mar 2017 09:54
TR,07 Mar 2017 09:45
RU,07 Mar 2017 09:42
FR,07 Mar 2017 08:24
KR,07 Mar 2017 22:25
RU,07 Mar 2017 19:29
CL,07 Mar 2017 18:09
KR,07 Mar 2017 17:08
TR,07 Mar 2017 16:50
TR,07 Mar 2017 15:07
NO,07 Mar 2017 15:07
RU,07 Mar 2017 14:24
RU,07 Mar 2017 08:02
TR,07 Mar 2017 07:47
RU,07 Mar 2017 07:26
CH,07 Mar 2017 07:19
RU,07 Mar 2017 06:35
RU,07 Mar 2017 05:05
IL,07 Mar 2017 04:22
NL,07 Mar 2017 03:06
RU,07 Mar 2017 02:49
TR,07 Mar 2017 02:29
BY,07 Mar 2017 02:07
RU,07 Mar 2017 02:07
NZ,07 Mar 2017 01:27
HU,07 Mar 2017 01:12
HU,07 Mar 2017 01:11
TH,07 Mar 2017 00:47
FR,06 Mar 2017 21:25
CA,06 Mar 2017 21:15
FR,06 Mar 2017 19:05
TR,06 Mar 2017 17:46
TR,06 Mar 2017 17:18
BR,06 Mar 2017 15:57
DE,06 Mar 2017 15:01
SA,06 Mar 2017 14:51
RU,06 Mar 2017 14:10
HU,06 Mar 2017 12:55
BE,06 Mar 2017 11:41
PK,06 Mar 2017 11:18
TR,06 Mar 2017 10:45
TR,06 Mar 2017 10:29
PK,06 Mar 2017 09:52
IL,06 Mar 2017 09:46
NL,06 Mar 2017 08:47
UA,06 Mar 2017 07:45
RU,06 Mar 2017 06:58
RU,06 Mar 2017 06:02
RU,06 Mar 2017 05:53
BT,06 Mar 2017 05:50
TR,06 Mar 2017 05:24
KR,06 Mar 2017 05:22
TR,06 Mar 2017 04:14
UA,06 Mar 2017 02:02
AT,06 Mar 2017 02:02
RU,06 Mar 2017 01:42
RU,06 Mar 2017 01:24
TR,06 Mar 2017 00:46
RU,06 Mar 2017 00:06
TR,05 Mar 2017 23:30
RU,05 Mar 2017 23:15
RU,05 Mar 2017 22:27
KG,05 Mar 2017 21:34
TR,05 Mar 2017 15:50
PL,05 Mar 2017 15:35
BY,05 Mar 2017 15:11
TR,05 Mar 2017 14:44
TR,05 Mar 2017 14:16
HU,05 Mar 2017 13:31
JP,05 Mar 2017 12:36
RU,05 Mar 2017 12:31
TR,05 Mar 2017 12:08
RU,05 Mar 2017 11:15
RU,05 Mar 2017 11:07
FR,05 Mar 2017 10:08
TH,05 Mar 2017 10:00
RU,05 Mar 2017 09:35
RU,05 Mar 2017 08:45
RU,05 Mar 2017 07:12
RU,05 Mar 2017 07:00
RU,05 Mar 2017 06:08
KR,05 Mar 2017 04:50
TR,05 Mar 2017 04:14
RU,05 Mar 2017 03:49
RU,05 Mar 2017 02:56
RU,05 Mar 2017 02:32
IT,05 Mar 2017 02:31
LV,05 Mar 2017 01:55
RU,05 Mar 2017 01:33
CZ,05 Mar 2017 01:21
RU,05 Mar 2017 01:20
BE,05 Mar 2017 01:16
ES,05 Mar 2017 00:26
IT,05 Mar 2017 00:11
RU,04 Mar 2017 23:35
RU,04 Mar 2017 22:17
LV,04 Mar 2017 15:13
BY,04 Mar 2017 14:41
TR,04 Mar 2017 13:54
BE,04 Mar 2017 11:45
BR,08 Mar 2017 04:44
ES,08 Mar 2017 03:48
SRB,08 Mar 2017 03:23
ES,08 Mar 2017 01:38
CH,08 Mar 2017 00:46
MX,07 Mar 2017 17:42
CA,07 Mar 2017 15:14
RU,07 Mar 2017 14:11
RU,07 Mar 2017 09:26
ES,07 Mar 2017 09:26
CL,07 Mar 2017 08:20
ES,07 Mar 2017 06:58
RU,07 Mar 2017 06:35
RU,07 Mar 2017 05:39
RU,07 Mar 2017 04:38
BR,07 Mar 2017 04:21
RU,07 Mar 2017 00:56
RU,06 Mar 2017 22:53
CZ,06 Mar 2017 14:07
RU,06 Mar 2017 13:08
NL,06 Mar 2017 11:36
HR,06 Mar 2017 10:35
RU,06 Mar 2017 08:40
ES,06 Mar 2017 06:17
RU,06 Mar 2017 04:40
RU,06 Mar 2017 04:31
DE,06 Mar 2017 04:02
PT,06 Mar 2017 03:01
RU,06 Mar 2017 01:47
LT,06 Mar 2017 01:04
UA,05 Mar 2017 22:41
AT,05 Mar 2017 22:22
ES,05 Mar 2017 12:49
RU,05 Mar 2017 11:39
DE,05 Mar 2017 11:05
ES,05 Mar 2017 10:44
RU,05 Mar 2017 10:27
RU,05 Mar 2017 09:45
RU,05 Mar 2017 08:27
RU,04 Mar 2017 14:35
RU,04 Mar 2017 14:09
RU,04 Mar 2017 12:25
TR,04 Mar 2017 12:15
CZ,04 Mar 2017 11:56
SRB,04 Mar 2017 11:14
RU,04 Mar 2017 10:50
US,04 Mar 2017 09:17
RU,04 Mar 2017 09:03
RU,04 Mar 2017 08:02
FR,04 Mar 2017 06:31
RU,04 Mar 2017 06:02
RU,04 Mar 2017 04:19
RU,04 Mar 2017 03:45
RU,04 Mar 2017 03:25
RU,04 Mar 2017 01:17
RU,04 Mar 2017 00:29
RU,03 Mar 2017 22:29
CL,03 Mar 2017 21:45
RU,03 Mar 2017 19:00
US,03 Mar 2017 18:16
RU,03 Mar 2017 15:45
LV,03 Mar 2017 15:12
RU,03 Mar 2017 14:36
NL,03 Mar 2017 13:33
AL,03 Mar 2017 13:17
RU,03 Mar 2017 12:54
RU,03 Mar 2017 11:04
RU,03 Mar 2017 08:41
ES,03 Mar 2017 08:13
RU,03 Mar 2017 07:17
HU,03 Mar 2017 05:13
FR,03 Mar 2017 04:57
UA,03 Mar 2017 00:54
RU,03 Mar 2017 00:14
RU,02 Mar 2017 23:02
RU,02 Mar 2017 21:39
US,02 Mar 2017 19:22
RU,02 Mar 2017 15:33
NL,02 Mar 2017 14:01
RU,02 Mar 2017 11:09
DE,02 Mar 2017 10:26
RU,02 Mar 2017 10:05
RU,02 Mar 2017 09:53
RU,02 Mar 2017 09:40
RU,02 Mar 2017 09:36
RU,02 Mar 2017 08:15
ES,02 Mar 2017 07:56
RU,02 Mar 2017 07:54
RU,02 Mar 2017 04:05
RU,02 Mar 2017 03:36
RU,02 Mar 2017 02:06
KG,02 Mar 2017 01:11
IT,02 Mar 2017 00:03
RU,01 Mar 2017 23:14
RU,01 Mar 2017 22:48
RU,01 Mar 2017 19:53
CZ,01 Mar 2017 17:26
PL,01 Mar 2017 11:50
ES,01 Mar 2017 09:38
RU,01 Mar 2017 09:08
RU,01 Mar 2017 07:12
PL,01 Mar 2017 06:22
RU,01 Mar 2017 05:54
RU,01 Mar 2017 05:20
RU,01 Mar 2017 05:11
ES,01 Mar 2017 04:45
FR,01 Mar 2017 04:44
RU,01 Mar 2017 00:38
SK,28 Feb 2017 23:16
RU,28 Feb 2017 15:12
CZ,28 Feb 2017 12:01
RU,28 Feb 2017 09:19
RU,28 Feb 2017 08:01
RU,28 Feb 2017 07:34
ES,28 Feb 2017 06:59
DK,28 Feb 2017 05:59
RU,28 Feb 2017 01:01
RU,27 Feb 2017 22:49
RU,27 Feb 2017 22:31
SE,27 Feb 2017 20:54
RU,08 Mar 2017 04:20
RU,08 Mar 2017 02:35
PL,07 Mar 2017 14:38
RU,07 Mar 2017 05:03
RU,07 Mar 2017 01:13
RU,06 Mar 2017 11:27
RU,05 Mar 2017 10:54
RU,05 Mar 2017 04:31
RU,08 Mar 2017 04:20
RU,08 Mar 2017 02:35
PL,07 Mar 2017 14:38
RU,07 Mar 2017 05:03
RU,07 Mar 2017 01:13
RU,06 Mar 2017 11:27
RU,05 Mar 2017 10:54
RU,05 Mar 2017 04:31
RU,23 Feb 2017 12:57
RU,23 Feb 2017 02:08
RU,22 Feb 2017 11:21
RU,22 Feb 2017 06:37
NL,22 Feb 2017 05:57
RU,22 Feb 2017 02:24
RU,21 Feb 2017 12:58
RU,21 Feb 2017 11:31
RU,28 Feb 2017 14:49
RU,28 Feb 2017 13:36
RU,27 Feb 2017 23:42
RU,27 Feb 2017 01:04
RU,25 Feb 2017 09:47
RU,24 Feb 2017 21:37
RU,23 Feb 2017 18:51
RU,23 Feb 2017 13:35
RU,21 Feb 2017 07:55
RU,08 Feb 2017 11:21
RU,08 Feb 2017 10:28
KZ,08 Feb 2017 10:16
RU,08 Feb 2017 08:22
RU,08 Feb 2017 00:55
RU,06 Feb 2017 19:11
RU,06 Feb 2017 01:46
RU,06 Feb 2017 00:49
RU,05 Feb 2017 11:24
RU,05 Feb 2017 08:57
RU,05 Feb 2017 07:44
RU,05 Feb 2017 07:01
RU,05 Feb 2017 06:49
RU,05 Feb 2017 06:46
RU,05 Feb 2017 02:00
RU,04 Feb 2017 23:10
RU,04 Feb 2017 10:31
RU,04 Feb 2017 06:52
RU,04 Feb 2017 00:44
RU,03 Feb 2017 23:01
RU,03 Feb 2017 13:37
RU,03 Feb 2017 11:57
RU,03 Feb 2017 07:49
RU,03 Feb 2017 05:41
RU,02 Feb 2017 21:52
PL,02 Feb 2017 15:27
RU,02 Feb 2017 15:11
RU,01 Feb 2017 07:19
RU,31 Jan 2017 11:02
RU,31 Jan 2017 10:03
RU,31 Jan 2017 08:56
RU,31 Jan 2017 03:24
RU,31 Jan 2017 02:15
RU,29 Jan 2017 22:06
RU,29 Jan 2017 13:57
RU,29 Jan 2017 06:24
RU,29 Jan 2017 04:12
RU,27 Jan 2017 21:38
RU,26 Jan 2017 22:58
KZ,26 Jan 2017 21:45
RU,26 Jan 2017 06:41
RU,26 Jan 2017 04:46
RU,25 Jan 2017 23:37
RU,25 Jan 2017 08:01
RU,25 Jan 2017 07:51
RU,25 Jan 2017 03:48
RU,24 Jan 2017 03:47
RU,23 Jan 2017 22:09
RU,23 Jan 2017 10:37
RU,23 Jan 2017 10:13
RU,23 Jan 2017 08:45
RU,23 Jan 2017 07:46
RU,23 Jan 2017 05:37
RU,23 Jan 2017 03:15
RU,22 Jan 2017 07:25
RU,22 Jan 2017 05:38
RU,22 Jan 2017 04:10
RU,21 Jan 2017 23:21
RU,21 Jan 2017 02:41
RU,20 Jan 2017 11:57
HU,20 Jan 2017 01:55
RU,19 Jan 2017 13:08
RU,19 Jan 2017 10:53
RU,19 Jan 2017 09:34
KZ,19 Jan 2017 08:04
RU,19 Jan 2017 07:24
RU,19 Jan 2017 00:26
RU,18 Jan 2017 19:44
RU,18 Jan 2017 15:00
HU,18 Jan 2017 12:46
RU,17 Jan 2017 02:39
RU,17 Jan 2017 01:43
RU,16 Jan 2017 13:34
RU,16 Jan 2017 06:14
RU,15 Jan 2017 14:05
RU,15 Jan 2017 01:41
IT,14 Jan 2017 09:34
RU,14 Jan 2017 09:01
RU,14 Jan 2017 05:33
RU,14 Jan 2017 04:57
RU,14 Jan 2017 01:59
RU,14 Jan 2017 01:55
RU,13 Jan 2017 22:29
RU,13 Jan 2017 12:29
RU,13 Jan 2017 11:20
RU,13 Jan 2017 10:30
RU,13 Jan 2017 10:05
SE,06 Mar 2017 14:02
RU,05 Mar 2017 10:17
RU,04 Mar 2017 12:00
RU,01 Mar 2017 11:18
RU,28 Feb 2017 09:44
RU,27 Feb 2017 09:18
RU,27 Feb 2017 04:01
RU,26 Feb 2017 05:24
RU,25 Feb 2017 02:08
FI,24 Feb 2017 12:44
RU,24 Feb 2017 10:05
RU,23 Feb 2017 23:53
RU,23 Feb 2017 22:56
BE,23 Feb 2017 16:31
RU,23 Feb 2017 14:43
RU,23 Feb 2017 12:35
RU,23 Feb 2017 08:37
RU,23 Feb 2017 04:54
RU,23 Feb 2017 04:30
RU,23 Feb 2017 02:28
RU,23 Feb 2017 01:09
RU,23 Feb 2017 00:44
RU,22 Feb 2017 23:55
RU,22 Feb 2017 22:56
RU,22 Feb 2017 21:45
US,22 Feb 2017 18:06
BY,22 Feb 2017 17:29
RU,22 Feb 2017 14:03
RU,22 Feb 2017 14:02
RU,22 Feb 2017 08:12
RU,22 Feb 2017 06:12
DE,22 Feb 2017 05:47
RU,22 Feb 2017 04:34
RU,22 Feb 2017 03:58
RU,22 Feb 2017 03:43
RU,22 Feb 2017 03:33
RU,22 Feb 2017 03:03
RU,22 Feb 2017 02:38
RU,22 Feb 2017 00:56
RU,21 Feb 2017 22:41
RU,21 Feb 2017 20:43
US,21 Feb 2017 16:27
RU,21 Feb 2017 10:33
RU,21 Feb 2017 08:32
RU,20 Feb 2017 17:48
TR,20 Feb 2017 14:26
RU,20 Feb 2017 13:43
RU,20 Feb 2017 13:38
RU,20 Feb 2017 11:24
RU,20 Feb 2017 10:59
RU,20 Feb 2017 10:41
RU,20 Feb 2017 08:38
BG,20 Feb 2017 05:43
RU,20 Feb 2017 00:35
IN,19 Feb 2017 11:04
ES,19 Feb 2017 09:29
RU,19 Feb 2017 05:04
RU,19 Feb 2017 05:00
RU,19 Feb 2017 02:23
RU,19 Feb 2017 01:57
LT,19 Feb 2017 00:57
RU,19 Feb 2017 00:54
RU,18 Feb 2017 14:39
RU,18 Feb 2017 10:38
RU,18 Feb 2017 04:23
RU,18 Feb 2017 01:27
RU,18 Feb 2017 01:24
RU,17 Feb 2017 23:27
RU,17 Feb 2017 23:04
RU,17 Feb 2017 10:03
RU,17 Feb 2017 09:48
RU,17 Feb 2017 06:38
RU,17 Feb 2017 04:08
RU,17 Feb 2017 03:34
RU,17 Feb 2017 02:44
TR,16 Feb 2017 23:28
RU,16 Feb 2017 22:45
RU,16 Feb 2017 22:22
RU,16 Feb 2017 22:16
RU,16 Feb 2017 22:09
RU,16 Feb 2017 20:02
PT,16 Feb 2017 15:12
RU,16 Feb 2017 11:41
RU,16 Feb 2017 11:33
NO,16 Feb 2017 10:35
RU,16 Feb 2017 09:46
RU,16 Feb 2017 09:10
RU,16 Feb 2017 07:57
RU,16 Feb 2017 06:12
RU,16 Feb 2017 04:49
DE,16 Feb 2017 04:05
TH,16 Feb 2017 01:43
RU,15 Feb 2017 20:02
TR,15 Feb 2017 17:48
RU,15 Feb 2017 13:36
RU,15 Feb 2017 13:00
RU,15 Feb 2017 10:20
RU,15 Feb 2017 09:21
RU,15 Feb 2017 08:14
RU,15 Feb 2017 06:06
RU,15 Feb 2017 03:31
RU,15 Feb 2017 02:40
RU,15 Feb 2017 02:18
RU,15 Feb 2017 01:52
RU,14 Feb 2017 23:24
RU,14 Feb 2017 07:53
RU,14 Feb 2017 07:43
RU,14 Feb 2017 00:58
RU,13 Feb 2017 22:38
RU,13 Feb 2017 21:03
KZ,13 Feb 2017 19:39
RU,13 Feb 2017 14:17
PL,13 Feb 2017 13:12
PL,13 Feb 2017 13:05
RU,13 Feb 2017 11:34
RU,13 Feb 2017 11:10
RU,13 Feb 2017 11:03
EE,13 Feb 2017 10:57
RU,13 Feb 2017 08:56
RU,13 Feb 2017 08:06
CL,08 Mar 2017 05:44
RU,08 Mar 2017 05:07
RU,08 Mar 2017 04:33
ES,08 Mar 2017 03:54
RU,08 Mar 2017 03:47
ES,08 Mar 2017 03:32
RU,08 Mar 2017 01:42
TH,08 Mar 2017 00:08
CL,08 Mar 2017 05:44
RU,08 Mar 2017 05:07
RU,08 Mar 2017 04:33
ES,08 Mar 2017 03:54
RU,08 Mar 2017 03:47
ES,08 Mar 2017 03:32
RU,08 Mar 2017 01:42
TH,08 Mar 2017 00:08
RU,07 Mar 2017 09:43
RU,07 Mar 2017 09:42
BR,07 Mar 2017 09:38
RU,07 Mar 2017 09:28
RU,07 Mar 2017 09:15
RU,07 Mar 2017 09:03
RU,07 Mar 2017 07:57
AZ,07 Mar 2017 07:56
TH,07 Mar 2017 16:14
RU,07 Mar 2017 15:24
SA,07 Mar 2017 12:49
IT,07 Mar 2017 11:48
IL,07 Mar 2017 11:28
PL,07 Mar 2017 11:21
RU,07 Mar 2017 11:16
FI,07 Mar 2017 11:04
TR,07 Mar 2017 07:41
FR,07 Mar 2017 07:25
RU,07 Mar 2017 06:10
RU,07 Mar 2017 05:35
RU,07 Mar 2017 05:16
RU,07 Mar 2017 03:23
RU,07 Mar 2017 02:19
RU,07 Mar 2017 01:27
LV,07 Mar 2017 01:10
RU,06 Mar 2017 23:35
RU,06 Mar 2017 21:49
RU,06 Mar 2017 21:30
IT,06 Mar 2017 21:12
RU,06 Mar 2017 19:58
RU,06 Mar 2017 19:27
MD,06 Mar 2017 14:46
RU,06 Mar 2017 14:20
CL,06 Mar 2017 14:06
RU,06 Mar 2017 12:32
CA,06 Mar 2017 12:09
PL,06 Mar 2017 11:16
RU,06 Mar 2017 10:55
RU,06 Mar 2017 10:19
IL,06 Mar 2017 09:23
RU,06 Mar 2017 09:18
RU,06 Mar 2017 09:11
RU,06 Mar 2017 05:51
RU,06 Mar 2017 05:51
RU,06 Mar 2017 05:47
RU,06 Mar 2017 05:46
CR,06 Mar 2017 05:36
RU,06 Mar 2017 04:47
RU,06 Mar 2017 03:32
KG,06 Mar 2017 03:20
RU,06 Mar 2017 03:13
RU,06 Mar 2017 01:54
IL,06 Mar 2017 01:30
PF,06 Mar 2017 01:07
UA,06 Mar 2017 00:52
RU,05 Mar 2017 22:44
US,05 Mar 2017 17:28
PT,05 Mar 2017 14:32
RU,05 Mar 2017 13:31
BE,05 Mar 2017 11:50
RU,05 Mar 2017 11:37
RU,05 Mar 2017 10:43
RU,05 Mar 2017 10:17
RU,05 Mar 2017 10:00
RU,05 Mar 2017 10:00
RU,05 Mar 2017 08:40
RU,05 Mar 2017 08:27
RU,05 Mar 2017 08:09
LT,05 Mar 2017 08:06
CL,05 Mar 2017 07:43
IL,05 Mar 2017 07:32
RU,05 Mar 2017 07:27
HU,05 Mar 2017 06:49
RU,05 Mar 2017 05:31
UA,05 Mar 2017 05:04
IT,05 Mar 2017 04:45
CZ,05 Mar 2017 03:39
RU,05 Mar 2017 03:30
RU,05 Mar 2017 02:47
SK,05 Mar 2017 01:43
TR,05 Mar 2017 01:07
CH,05 Mar 2017 00:39
RU,04 Mar 2017 23:30
RU,04 Mar 2017 23:16
RU,04 Mar 2017 20:57
RU,04 Mar 2017 13:26
RU,04 Mar 2017 10:56
FR,04 Mar 2017 10:20
RU,04 Mar 2017 10:09
RU,04 Mar 2017 09:50
ID,04 Mar 2017 08:33
ID,04 Mar 2017 08:26
SA,04 Mar 2017 08:16
SA,04 Mar 2017 08:00
CH,04 Mar 2017 07:17
RU,04 Mar 2017 06:41
ES,04 Mar 2017 05:40
RU,04 Mar 2017 03:59
BY,04 Mar 2017 03:49
RU,04 Mar 2017 03:37
RU,04 Mar 2017 03:30
RU,04 Mar 2017 03:15
HR,04 Mar 2017 03:12
RU,04 Mar 2017 02:38
CZ,08 Mar 2017 06:05
SE,06 Mar 2017 12:14
RU,04 Mar 2017 22:02
RU,04 Mar 2017 19:07
RU,04 Mar 2017 07:23
IL,03 Mar 2017 01:33
SA,02 Mar 2017 00:35
RU,27 Feb 2017 23:44
CY,27 Feb 2017 11:42
RU,27 Feb 2017 11:28
RU,27 Feb 2017 03:16
DE,27 Feb 2017 02:19
SA,26 Feb 2017 13:14
RU,26 Feb 2017 09:56
RU,26 Feb 2017 00:25
SI,25 Feb 2017 03:26
RU,25 Feb 2017 00:17
FR,24 Feb 2017 23:19
FR,24 Feb 2017 09:39
UA,23 Feb 2017 12:50
RU,23 Feb 2017 07:19
ES,23 Feb 2017 02:40
CL,22 Feb 2017 19:27
HR,22 Feb 2017 11:52
PT,22 Feb 2017 04:16
RU,22 Feb 2017 03:52
BR,21 Feb 2017 15:25
NO,20 Feb 2017 11:58
DE,20 Feb 2017 10:04
BY,19 Feb 2017 23:28
RU,19 Feb 2017 13:52
RU,19 Feb 2017 07:12
CL,18 Feb 2017 13:55
FR,18 Feb 2017 09:16
SK,18 Feb 2017 00:53
FR,17 Feb 2017 23:57
UA,17 Feb 2017 11:58
RU,16 Feb 2017 22:55
BR,16 Feb 2017 12:33
RU,15 Feb 2017 21:56
RU,15 Feb 2017 07:25
BW,15 Feb 2017 06:04
RU,15 Feb 2017 04:14
UA,14 Feb 2017 10:27
RU,14 Feb 2017 00:16
DE,13 Feb 2017 10:52
HU,13 Feb 2017 02:37
RU,12 Feb 2017 06:14
ES,12 Feb 2017 02:06
ES,12 Feb 2017 01:54
RU,11 Feb 2017 23:10
RU,11 Feb 2017 10:34
RU,11 Feb 2017 09:19
RU,11 Feb 2017 09:14
RU,11 Feb 2017 08:04
UA,11 Feb 2017 06:45
FR,10 Feb 2017 23:43
RU,10 Feb 2017 23:06
BR,10 Feb 2017 18:49
UA,10 Feb 2017 12:03
BR,09 Feb 2017 17:30
FR,09 Feb 2017 12:46
IL,09 Feb 2017 09:13
RO,09 Feb 2017 09:05
RU,09 Feb 2017 08:38
RU,08 Feb 2017 23:42
IL,08 Feb 2017 20:42
RU,08 Feb 2017 09:59
RU,07 Feb 2017 09:12
BE,06 Feb 2017 14:34
HR,06 Feb 2017 05:14
SI,05 Feb 2017 05:51
CY,05 Feb 2017 01:09
CZ,04 Feb 2017 08:10
FR,04 Feb 2017 06:48
FR,04 Feb 2017 02:02
BY,03 Feb 2017 12:59
BE,03 Feb 2017 06:56
IT,02 Feb 2017 13:38
IE,02 Feb 2017 02:21
RU,01 Feb 2017 11:57
BR,01 Feb 2017 09:29
PT,01 Feb 2017 03:43
RU,31 Jan 2017 21:10
ES,31 Jan 2017 12:55
LB,31 Jan 2017 09:59
RU,31 Jan 2017 05:46
RU,29 Jan 2017 11:49
RU,28 Jan 2017 13:26
AZ,28 Jan 2017 12:23
FR,28 Jan 2017 06:54
RU,28 Jan 2017 01:38
RU,27 Jan 2017 09:02
RU,27 Jan 2017 08:15
RU,26 Jan 2017 23:29
KZ,26 Jan 2017 21:45
RU,26 Jan 2017 20:30
IL,26 Jan 2017 16:57
EE,26 Jan 2017 13:59
RU,26 Jan 2017 11:40
RU,26 Jan 2017 07:40
FR,26 Jan 2017 02:45
ZM,25 Jan 2017 06:36
RU,25 Jan 2017 02:47
RU,24 Jan 2017 20:20
UA,24 Jan 2017 03:44
LV,23 Jan 2017 13:09
BY,23 Jan 2017 09:51
RU,23 Jan 2017 05:21
KZ,23 Jan 2017 02:38
RU,22 Jan 2017 21:20
BR,22 Jan 2017 14:35
AU,22 Jan 2017 11:22
RU,22 Jan 2017 10:40
FR,22 Jan 2017 05:03
IL,21 Jan 2017 01:47
RU,20 Jan 2017 19:42
ES,20 Jan 2017 13:38
TH,20 Jan 2017 00:16
BR,19 Jan 2017 17:57
NL,08 Mar 2017 05:49
AZ,08 Mar 2017 05:36
CZ,07 Mar 2017 00:52
PH,06 Mar 2017 22:12
KR,06 Mar 2017 06:29
IE,06 Mar 2017 02:41
KR,05 Mar 2017 17:51
LK,05 Mar 2017 07:42
NL,08 Mar 2017 05:49
AZ,08 Mar 2017 05:36
CZ,07 Mar 2017 00:52
PH,06 Mar 2017 22:12
KR,06 Mar 2017 06:29
IE,06 Mar 2017 02:41
KR,05 Mar 2017 17:51
LK,05 Mar 2017 07:42
UK,28 Feb 2017 05:40
TH,28 Feb 2017 02:30
LB,27 Feb 2017 13:22
RU,27 Feb 2017 11:16
SA,27 Feb 2017 09:55
RU,27 Feb 2017 07:45
RU,27 Feb 2017 04:33
NZ,27 Feb 2017 02:08
AU,01 Mar 2017 20:33
BR,01 Mar 2017 11:25
PT,01 Mar 2017 08:07
BD,28 Feb 2017 23:06
SA,28 Feb 2017 21:57
TR,28 Feb 2017 13:29
KW,28 Feb 2017 11:25
NL,28 Feb 2017 06:52
RU,26 Feb 2017 20:55
TR,26 Feb 2017 12:49
US,26 Feb 2017 11:09
TR,26 Feb 2017 06:40
ES,26 Feb 2017 02:05
RU,25 Feb 2017 23:57
BR,25 Feb 2017 17:23
RU,25 Feb 2017 10:15
RU,25 Feb 2017 10:00
RU,25 Feb 2017 06:59
IL,25 Feb 2017 04:43
RU,25 Feb 2017 03:53
IT,24 Feb 2017 21:10
GR,24 Feb 2017 15:59
TR,24 Feb 2017 14:29
LV,24 Feb 2017 10:07
FR,24 Feb 2017 08:14
FI,24 Feb 2017 02:12
RU,23 Feb 2017 13:48
RU,23 Feb 2017 11:21
BE,23 Feb 2017 00:13
NZ,22 Feb 2017 15:46
TH,22 Feb 2017 13:42
SRB,22 Feb 2017 10:29
LT,22 Feb 2017 10:20
RU,22 Feb 2017 07:18
ES,22 Feb 2017 03:55
EE,22 Feb 2017 00:48
PT,21 Feb 2017 18:42
UK,21 Feb 2017 05:49
RU,21 Feb 2017 01:17
RU,21 Feb 2017 01:16
NO,20 Feb 2017 14:44
TR,20 Feb 2017 11:26
RU,20 Feb 2017 05:21
LT,20 Feb 2017 03:22
TH,20 Feb 2017 03:04
PL,19 Feb 2017 23:13
SA,19 Feb 2017 14:12
TR,19 Feb 2017 12:28
RU,19 Feb 2017 07:55
RU,19 Feb 2017 06:21
RU,19 Feb 2017 02:17
RU,19 Feb 2017 02:07
RO,18 Feb 2017 14:09
UA,18 Feb 2017 12:10
RU,18 Feb 2017 12:08
UK,18 Feb 2017 11:38
PL,18 Feb 2017 11:16
TR,18 Feb 2017 10:20
HR,18 Feb 2017 09:08
MD,18 Feb 2017 05:37
RU,18 Feb 2017 05:01
RU,17 Feb 2017 03:53
RU,16 Feb 2017 23:00
PT,16 Feb 2017 15:37
BG,16 Feb 2017 13:17
RU,16 Feb 2017 11:41
RU,16 Feb 2017 08:08
RU,16 Feb 2017 02:12
KZ,15 Feb 2017 22:45
RU,15 Feb 2017 19:27
RU,15 Feb 2017 12:43
ES,15 Feb 2017 12:31
RU,15 Feb 2017 11:50
RU,15 Feb 2017 08:05
JP,15 Feb 2017 05:12
TR,15 Feb 2017 03:02
IT,15 Feb 2017 02:20
RU,14 Feb 2017 23:27
PL,14 Feb 2017 09:58
RU,14 Feb 2017 03:22
LV,13 Feb 2017 22:46
RU,13 Feb 2017 10:31
RU,13 Feb 2017 08:48
FR,13 Feb 2017 08:25
TR,13 Feb 2017 07:07
ES,13 Feb 2017 05:35
TR,13 Feb 2017 05:19
HR,12 Feb 2017 20:54
PH,12 Feb 2017 19:56
HR,12 Feb 2017 18:50
US,12 Feb 2017 17:29
TR,12 Feb 2017 14:05
GE,12 Feb 2017 11:21
KZ,12 Feb 2017 11:07
SK,12 Feb 2017 08:59
IL,12 Feb 2017 06:40
FR,08 Mar 2017 02:39
PT,07 Mar 2017 18:53
US,07 Mar 2017 14:02
UA,07 Mar 2017 13:43
DZ,07 Mar 2017 05:29
RU,07 Mar 2017 05:20
BG,07 Mar 2017 00:48
TR,06 Mar 2017 20:40
FR,08 Mar 2017 02:39
PT,07 Mar 2017 18:53
US,07 Mar 2017 14:02
UA,07 Mar 2017 13:43
DZ,07 Mar 2017 05:29
RU,07 Mar 2017 05:20
BG,07 Mar 2017 00:48
TR,06 Mar 2017 20:40
NL,28 Feb 2017 12:27
UA,28 Feb 2017 12:11
UA,28 Feb 2017 05:11
UA,27 Feb 2017 08:00
UA,27 Feb 2017 05:18
UA,27 Feb 2017 02:54
TH,27 Feb 2017 01:29
BE,26 Feb 2017 11:48
CL,02 Mar 2017 10:01
UA,02 Mar 2017 03:07
UA,02 Mar 2017 03:00
MD,01 Mar 2017 16:50
RU,01 Mar 2017 08:58
DE,01 Mar 2017 05:52
SRB,01 Mar 2017 01:49
UA,28 Feb 2017 14:36
RU,26 Feb 2017 11:36
UA,26 Feb 2017 09:51
RU,26 Feb 2017 03:46
RU,25 Feb 2017 14:31
UA,25 Feb 2017 13:13
UA,25 Feb 2017 12:35
UA,25 Feb 2017 04:00
UA,25 Feb 2017 02:02
UA,24 Feb 2017 23:55
RU,24 Feb 2017 16:05
RU,24 Feb 2017 11:43
BR,24 Feb 2017 09:26
RO,23 Feb 2017 23:30
UA,23 Feb 2017 11:54
UA,23 Feb 2017 11:45
RU,23 Feb 2017 08:57
UA,23 Feb 2017 08:38
RU,23 Feb 2017 00:16
UA,22 Feb 2017 13:01
SRB,22 Feb 2017 11:47
BR,22 Feb 2017 08:39
IL,22 Feb 2017 08:10
FR,22 Feb 2017 06:56
NL,22 Feb 2017 02:05
BR,21 Feb 2017 17:39
RU,21 Feb 2017 15:51
BR,21 Feb 2017 11:20
FR,21 Feb 2017 10:05
IT,21 Feb 2017 08:16
DE,21 Feb 2017 07:43
CA,21 Feb 2017 07:07
SRB,20 Feb 2017 14:32
UA,20 Feb 2017 06:07
CZ,20 Feb 2017 04:20
UA,20 Feb 2017 04:04
UA,20 Feb 2017 02:30
KG,20 Feb 2017 02:05
PT,19 Feb 2017 16:38
RU,19 Feb 2017 13:21
ES,19 Feb 2017 11:36
BE,19 Feb 2017 11:23
RU,19 Feb 2017 09:23
AT,19 Feb 2017 07:11
ES,18 Feb 2017 23:57
RU,18 Feb 2017 23:31
NL,18 Feb 2017 15:54
RU,18 Feb 2017 12:08
MD,18 Feb 2017 11:48
BY,18 Feb 2017 10:57
BR,17 Feb 2017 18:11
NG,17 Feb 2017 12:57
UA,17 Feb 2017 08:59
IT,17 Feb 2017 07:32
BY,17 Feb 2017 06:32
UA,17 Feb 2017 04:21
JP,17 Feb 2017 03:05
UA,17 Feb 2017 01:52
KZ,17 Feb 2017 00:40
DE,16 Feb 2017 21:58
US,16 Feb 2017 09:10
IN,16 Feb 2017 07:08
BR,16 Feb 2017 06:17
DK,15 Feb 2017 22:44
UA,15 Feb 2017 15:59
UA,15 Feb 2017 12:21
RU,15 Feb 2017 12:12
CZ,15 Feb 2017 10:56
RU,15 Feb 2017 04:26
TH,15 Feb 2017 02:30
UA,15 Feb 2017 02:09
CZ,15 Feb 2017 01:55
AU,14 Feb 2017 02:48
RU,14 Feb 2017 01:50
UA,13 Feb 2017 13:34
NL,13 Feb 2017 13:28
UA,13 Feb 2017 04:24
CZ,13 Feb 2017 01:28
UA,12 Feb 2017 23:56
FR,12 Feb 2017 13:30
KZ,12 Feb 2017 07:34
AZ,12 Feb 2017 07:07
UA,12 Feb 2017 06:49
BR,12 Feb 2017 06:34
UA,12 Feb 2017 05:49
RU,12 Feb 2017 00:25
BR,11 Feb 2017 12:35
UA,11 Feb 2017 01:51
BY,11 Feb 2017 01:47
KZ,07 Mar 2017 23:40
RU,07 Mar 2017 10:12
IL,06 Mar 2017 21:14
RU,06 Mar 2017 14:08
RU,06 Mar 2017 07:28
UK,06 Mar 2017 03:22
US,05 Mar 2017 15:43
RU,04 Mar 2017 21:29
RU,04 Mar 2017 09:08
RU,03 Mar 2017 22:02
RU,03 Mar 2017 14:18
UA,03 Mar 2017 09:01
UA,03 Mar 2017 08:25
US,02 Mar 2017 17:49
FR,02 Mar 2017 14:51
RU,02 Mar 2017 09:26
US,01 Mar 2017 13:06
JP,28 Feb 2017 22:08
RU,28 Feb 2017 12:15
RU,28 Feb 2017 05:39
FR,28 Feb 2017 01:04
RU,27 Feb 2017 22:23
RU,27 Feb 2017 21:57
RU,27 Feb 2017 13:04
RU,26 Feb 2017 15:52
RU,26 Feb 2017 07:41
TR,26 Feb 2017 07:12
SE,26 Feb 2017 06:51
HR,26 Feb 2017 04:15
UA,26 Feb 2017 03:10
UA,25 Feb 2017 04:00
UA,24 Feb 2017 14:15
PE,24 Feb 2017 07:20
RU,24 Feb 2017 05:39
KZ,23 Feb 2017 21:34
US,23 Feb 2017 19:04
US,23 Feb 2017 11:22
UA,23 Feb 2017 07:49
RU,23 Feb 2017 07:41
TR,23 Feb 2017 06:59
BY,23 Feb 2017 05:10
IE,23 Feb 2017 04:31
RU,23 Feb 2017 03:45
RU,23 Feb 2017 03:35
PL,23 Feb 2017 02:08
RU,23 Feb 2017 00:51
UA,22 Feb 2017 12:12
RU,22 Feb 2017 01:51
LT,21 Feb 2017 23:52
BY,21 Feb 2017 12:36
BE,21 Feb 2017 09:22
HU,21 Feb 2017 06:14
UA,21 Feb 2017 02:29
RU,20 Feb 2017 23:33
RU,20 Feb 2017 22:54
HU,20 Feb 2017 09:36
ES,20 Feb 2017 07:39
RU,20 Feb 2017 05:44
RU,20 Feb 2017 04:18
UA,20 Feb 2017 03:42
BY,20 Feb 2017 01:00
UA,19 Feb 2017 12:45
RU,19 Feb 2017 10:48
UA,19 Feb 2017 09:16
RU,19 Feb 2017 08:18
PT,18 Feb 2017 16:54
UA,18 Feb 2017 13:32
CH,18 Feb 2017 09:13
UA,18 Feb 2017 07:43
RU,18 Feb 2017 00:45
GH,17 Feb 2017 21:27
CA,17 Feb 2017 11:47
ES,17 Feb 2017 11:17
RU,17 Feb 2017 09:27
RU,17 Feb 2017 08:20
FR,17 Feb 2017 05:09
RU,16 Feb 2017 23:30
RU,16 Feb 2017 21:43
RU,16 Feb 2017 18:02
LV,16 Feb 2017 14:01
UK,16 Feb 2017 11:56
HU,16 Feb 2017 08:04
UA,16 Feb 2017 04:56
RU,15 Feb 2017 23:51
US,15 Feb 2017 23:45
RU,15 Feb 2017 20:58
DE,15 Feb 2017 11:47
LT,15 Feb 2017 11:00
RU,14 Feb 2017 18:49
RU,14 Feb 2017 08:14
RU,14 Feb 2017 03:34
RU,14 Feb 2017 01:47
TH,13 Feb 2017 19:16
SRB,13 Feb 2017 15:10
RU,13 Feb 2017 08:05
ES,12 Feb 2017 12:17
RU,12 Feb 2017 07:36
EE,12 Feb 2017 07:11
UA,12 Feb 2017 06:45
RU,11 Feb 2017 22:15
DK,11 Feb 2017 03:34
NZ,11 Feb 2017 02:36
IN,11 Feb 2017 00:36
PL,10 Feb 2017 12:16
UA,10 Feb 2017 11:30
RU,10 Feb 2017 10:28
RU,10 Feb 2017 06:21
RU,10 Feb 2017 05:02
RU,10 Feb 2017 00:21
RU,09 Feb 2017 13:37
UA,09 Feb 2017 08:26
FR,09 Feb 2017 05:43
LV,09 Feb 2017 02:27
RU,08 Feb 2017 23:41
FR,08 Feb 2017 14:04
RU,08 Feb 2017 13:17
RU,08 Feb 2017 09:34
KZ,08 Feb 2017 08:07
BE,08 Feb 2017 05:47
RU,08 Feb 2017 04:12
RU,08 Mar 2017 05:50
RU,07 Mar 2017 11:39
RU,07 Mar 2017 10:42
RU,07 Mar 2017 04:42
RU,07 Mar 2017 03:43
RU,07 Mar 2017 02:59
AM,07 Mar 2017 00:05
HU,07 Mar 2017 00:04
RU,06 Mar 2017 12:35
EE,06 Mar 2017 11:42
KZ,06 Mar 2017 08:42
RU,06 Mar 2017 04:25
RU,05 Mar 2017 15:59
ES,05 Mar 2017 09:56
RU,05 Mar 2017 09:11
RU,05 Mar 2017 05:51
RU,04 Mar 2017 04:37
RU,04 Mar 2017 04:13
RU,04 Mar 2017 04:12
RU,04 Mar 2017 04:10
RU,04 Mar 2017 03:41
CL,03 Mar 2017 18:44
PL,03 Mar 2017 16:19
RU,03 Mar 2017 13:26
RU,03 Mar 2017 09:35
RU,03 Mar 2017 04:06
SG,02 Mar 2017 21:55
BY,02 Mar 2017 09:07
RU,02 Mar 2017 07:15
RU,02 Mar 2017 07:00
RU,02 Mar 2017 04:05
RU,02 Mar 2017 04:05
RU,01 Mar 2017 05:14
RU,28 Feb 2017 06:09
RU,28 Feb 2017 05:38
RU,28 Feb 2017 03:15
SK,28 Feb 2017 02:06
RU,27 Feb 2017 22:47
RU,27 Feb 2017 08:30
RU,27 Feb 2017 02:04
RU,26 Feb 2017 17:18
RU,26 Feb 2017 11:45
RU,26 Feb 2017 01:57
RU,25 Feb 2017 23:45
RU,25 Feb 2017 09:58
RU,25 Feb 2017 06:11
RU,25 Feb 2017 02:26
RU,24 Feb 2017 23:49
CL,24 Feb 2017 21:11
RU,24 Feb 2017 20:46
RU,24 Feb 2017 09:06
LV,24 Feb 2017 09:03
RU,24 Feb 2017 08:04
RU,24 Feb 2017 04:21
RU,24 Feb 2017 01:15
RU,24 Feb 2017 00:46
RU,23 Feb 2017 23:37
RU,23 Feb 2017 21:39
RU,23 Feb 2017 20:49
RU,23 Feb 2017 05:34
GR,23 Feb 2017 02:40
RO,23 Feb 2017 00:35
RU,22 Feb 2017 22:48
RU,22 Feb 2017 13:29
LT,22 Feb 2017 11:57
RU,22 Feb 2017 09:55
RU,22 Feb 2017 03:57
LV,22 Feb 2017 03:15
SA,22 Feb 2017 02:29
RU,22 Feb 2017 01:29
RU,22 Feb 2017 01:03
RU,21 Feb 2017 23:28
RU,21 Feb 2017 19:54
PL,21 Feb 2017 09:45
RU,21 Feb 2017 04:44
RU,21 Feb 2017 03:36
RU,20 Feb 2017 21:14
RU,20 Feb 2017 12:46
DE,20 Feb 2017 10:04
RU,20 Feb 2017 06:20
LT,20 Feb 2017 05:40
RU,20 Feb 2017 04:26
RU,19 Feb 2017 21:50
RU,19 Feb 2017 05:16
RU,19 Feb 2017 05:13
IT,19 Feb 2017 05:07
RU,19 Feb 2017 03:02
RU,19 Feb 2017 01:57
RU,19 Feb 2017 01:50
RU,19 Feb 2017 01:46
IL,18 Feb 2017 12:54
RU,18 Feb 2017 06:10
RU,18 Feb 2017 06:09
FR,18 Feb 2017 05:24
LV,18 Feb 2017 04:49
RU,18 Feb 2017 03:39
KZ,18 Feb 2017 01:50
RU,18 Feb 2017 01:07
RU,17 Feb 2017 14:08
RU,17 Feb 2017 12:38
PT,17 Feb 2017 11:49
RU,17 Feb 2017 08:51
RU,17 Feb 2017 07:37
PT,17 Feb 2017 06:55
RU,17 Feb 2017 06:15
ES,17 Feb 2017 05:45
RU,16 Feb 2017 23:07
RU,16 Feb 2017 22:41
RU,16 Feb 2017 21:28
RU,16 Feb 2017 17:20
BR,16 Feb 2017 11:08
RU,16 Feb 2017 10:56
BR,16 Feb 2017 05:58
SK,16 Feb 2017 05:05
RU,16 Feb 2017 03:36
RU,16 Feb 2017 00:37
RU,16 Feb 2017 00:23
IN,15 Feb 2017 23:21
KZ,15 Feb 2017 22:16
RU,15 Feb 2017 12:59
RU,08 Mar 2017 07:23
RU,08 Mar 2017 06:55
RU,08 Mar 2017 01:27
RU,08 Mar 2017 01:17
RU,07 Mar 2017 06:27
RU,07 Mar 2017 02:41
RU,07 Mar 2017 02:00
RU,06 Mar 2017 11:25
RU,06 Mar 2017 08:22
RU,06 Mar 2017 05:20
RU,06 Mar 2017 00:57
RU,05 Mar 2017 13:00
RU,05 Mar 2017 08:43
RU,05 Mar 2017 04:50
RU,05 Mar 2017 04:41
RU,04 Mar 2017 22:58
RU,04 Mar 2017 12:02
RU,04 Mar 2017 10:49
RU,04 Mar 2017 09:20
RU,04 Mar 2017 07:10
RU,04 Mar 2017 04:25
RU,03 Mar 2017 17:16
RU,03 Mar 2017 07:47
RU,03 Mar 2017 03:38
RU,02 Mar 2017 21:39
RU,02 Mar 2017 11:19
RU,02 Mar 2017 10:36
RU,02 Mar 2017 09:47
RU,02 Mar 2017 08:18
RU,02 Mar 2017 07:10
RU,02 Mar 2017 07:09
RU,02 Mar 2017 07:00
RU,02 Mar 2017 04:02
RU,02 Mar 2017 03:58
RU,02 Mar 2017 02:35
RU,01 Mar 2017 17:23
RU,01 Mar 2017 16:59
RU,01 Mar 2017 13:02
RU,01 Mar 2017 09:47
KZ,01 Mar 2017 06:57
RU,01 Mar 2017 04:28
RU,01 Mar 2017 03:56
RU,01 Mar 2017 03:35
RU,01 Mar 2017 02:51
KZ,01 Mar 2017 01:49
RU,01 Mar 2017 00:46
RU,28 Feb 2017 12:42
RU,28 Feb 2017 09:25
RU,28 Feb 2017 08:57
RU,28 Feb 2017 08:33
RU,28 Feb 2017 08:27
RU,28 Feb 2017 08:03
RU,28 Feb 2017 07:17
RU,28 Feb 2017 03:01
RU,27 Feb 2017 14:15
RU,27 Feb 2017 10:54
RU,27 Feb 2017 04:31
RU,27 Feb 2017 02:43
RU,26 Feb 2017 12:17
RU,26 Feb 2017 08:22
RU,26 Feb 2017 04:03
RU,26 Feb 2017 01:52
RU,25 Feb 2017 11:12
RU,25 Feb 2017 10:55
RU,25 Feb 2017 10:47
RU,25 Feb 2017 10:08
RU,25 Feb 2017 09:20
RU,25 Feb 2017 04:20
RU,25 Feb 2017 02:07
RU,24 Feb 2017 18:24
RU,24 Feb 2017 11:48
RU,24 Feb 2017 09:46
RU,24 Feb 2017 09:28
RU,24 Feb 2017 09:06
RU,24 Feb 2017 08:52
RU,24 Feb 2017 07:38
RU,24 Feb 2017 07:10
RU,24 Feb 2017 06:23
RU,24 Feb 2017 03:30
RU,23 Feb 2017 15:49
RU,23 Feb 2017 14:04
RU,23 Feb 2017 14:01
RU,23 Feb 2017 10:43
RU,23 Feb 2017 10:04
RU,23 Feb 2017 08:57
RU,23 Feb 2017 02:21
RU,23 Feb 2017 00:38
RU,23 Feb 2017 00:30
RU,22 Feb 2017 22:55
RU,22 Feb 2017 10:30
RU,22 Feb 2017 09:55
RU,22 Feb 2017 09:37
RU,22 Feb 2017 07:30
RU,22 Feb 2017 06:32
RU,22 Feb 2017 05:02
RU,22 Feb 2017 02:25
RU,22 Feb 2017 00:14
RU,21 Feb 2017 23:52
RU,21 Feb 2017 12:37
RU,21 Feb 2017 11:20
RU,21 Feb 2017 09:26
RU,21 Feb 2017 07:03
RU,21 Feb 2017 04:45
RU,21 Feb 2017 03:50
RU,21 Feb 2017 02:44
RU,21 Feb 2017 02:39
RU,21 Feb 2017 01:54
RU,20 Feb 2017 23:35
RU,20 Feb 2017 23:18
RU,20 Feb 2017 23:14
RU,20 Feb 2017 11:30
RU,20 Feb 2017 10:59
RU,20 Feb 2017 10:57
RU,20 Feb 2017 10:22
RU,20 Feb 2017 09:27
RU,20 Feb 2017 04:43
RU,20 Feb 2017 01:28
RU,20 Feb 2017 01:17
RU,19 Feb 2017 22:17
RU,19 Feb 2017 13:22
RU,08 Mar 2017 02:21
RU,07 Mar 2017 12:35
RU,07 Mar 2017 03:35
RU,07 Mar 2017 03:23
RU,04 Mar 2017 14:11
RU,03 Mar 2017 06:29
RU,03 Mar 2017 03:49
RU,02 Mar 2017 06:36
RU,01 Mar 2017 11:52
RU,28 Feb 2017 20:09
RU,28 Feb 2017 12:10
RU,28 Feb 2017 09:26
RU,28 Feb 2017 05:44
RU,28 Feb 2017 00:16
CL,27 Feb 2017 17:52
RU,27 Feb 2017 03:25
US,27 Feb 2017 00:00
RU,25 Feb 2017 06:33
RU,24 Feb 2017 07:53
RU,24 Feb 2017 06:42
RU,24 Feb 2017 05:23
RU,23 Feb 2017 13:10
RU,23 Feb 2017 05:31
RU,23 Feb 2017 04:12
RU,23 Feb 2017 01:03
RU,22 Feb 2017 19:55
KR,22 Feb 2017 00:41
RU,21 Feb 2017 22:58
RU,21 Feb 2017 11:08
RU,20 Feb 2017 21:26
AU,20 Feb 2017 13:59
ES,20 Feb 2017 06:36
ES,20 Feb 2017 06:33
RU,20 Feb 2017 04:35
RU,19 Feb 2017 13:40
RU,18 Feb 2017 11:15
CH,18 Feb 2017 04:55
RU,18 Feb 2017 00:45
RU,17 Feb 2017 14:09
RU,17 Feb 2017 11:44
PL,17 Feb 2017 08:59
RU,17 Feb 2017 01:39
RU,16 Feb 2017 10:07
RU,16 Feb 2017 03:07
RU,14 Feb 2017 08:58
RU,14 Feb 2017 03:07
DE,13 Feb 2017 12:22
RU,13 Feb 2017 10:58
ES,12 Feb 2017 14:39
ES,12 Feb 2017 07:19
PH,12 Feb 2017 02:30
RU,11 Feb 2017 13:11
RU,11 Feb 2017 07:55
RU,10 Feb 2017 23:20
BY,10 Feb 2017 14:03
RU,09 Feb 2017 15:39
RU,09 Feb 2017 05:00
RU,08 Feb 2017 04:09
RU,08 Feb 2017 01:12
RU,06 Feb 2017 21:44
HU,06 Feb 2017 00:34
RU,05 Feb 2017 09:15
RU,05 Feb 2017 07:32
RU,04 Feb 2017 10:27
ES,04 Feb 2017 04:38
RU,03 Feb 2017 14:10
BR,03 Feb 2017 06:44
RU,02 Feb 2017 11:00
RU,02 Feb 2017 02:39
NL,01 Feb 2017 09:23
RU,01 Feb 2017 05:47
RU,31 Jan 2017 07:51
RU,30 Jan 2017 13:38
TR,30 Jan 2017 04:00
FR,29 Jan 2017 10:46
PL,29 Jan 2017 05:05
PL,28 Jan 2017 08:55
RU,27 Jan 2017 03:01
RU,26 Jan 2017 14:51
RU,26 Jan 2017 09:40
RU,26 Jan 2017 08:51
RU,26 Jan 2017 05:46
RU,26 Jan 2017 02:11
RU,26 Jan 2017 00:01
MV,25 Jan 2017 21:48
RU,25 Jan 2017 19:03
RU,25 Jan 2017 14:16
RU,25 Jan 2017 08:16
RU,25 Jan 2017 04:12
RU,24 Jan 2017 15:04
TR,23 Jan 2017 15:43
RU,23 Jan 2017 11:19
DE,23 Jan 2017 04:27
RU,23 Jan 2017 03:10
UA,22 Jan 2017 12:15
DE,22 Jan 2017 11:49
RU,22 Jan 2017 10:45
RU,22 Jan 2017 07:30
RU,21 Jan 2017 01:18
TH,20 Jan 2017 22:44
RU,20 Jan 2017 21:42
BR,20 Jan 2017 19:30
RU,20 Jan 2017 09:10
RU,19 Jan 2017 20:00
RU,19 Jan 2017 19:22
HU,19 Jan 2017 13:27
RU,19 Jan 2017 13:08
BR,19 Jan 2017 06:35
RU,18 Jan 2017 03:31
TR,18 Jan 2017 01:39
GR,18 Jan 2017 01:35
RU,17 Jan 2017 10:14
RU,17 Jan 2017 09:27
RU,17 Jan 2017 05:18
RU,17 Jan 2017 02:50
BR,16 Jan 2017 08:51
RU,16 Jan 2017 01:38
US,14 Jan 2017 15:50
RU,14 Jan 2017 10:43
TR,14 Jan 2017 10:22
RU,08 Mar 2017 07:30
RU,08 Mar 2017 07:11
CZ,08 Mar 2017 05:23
RU,07 Mar 2017 14:38
IE,07 Mar 2017 13:37
RU,07 Mar 2017 11:40
RU,07 Mar 2017 11:37
ES,07 Mar 2017 11:12
RU,07 Mar 2017 10:53
RU,07 Mar 2017 10:33
MX,07 Mar 2017 09:23
ES,07 Mar 2017 08:11
ES,07 Mar 2017 05:45
RU,07 Mar 2017 05:39
RU,07 Mar 2017 05:20
PK,07 Mar 2017 02:44
TR,07 Mar 2017 02:08
RU,07 Mar 2017 00:42
RU,06 Mar 2017 23:03
RU,06 Mar 2017 21:29
NZ,06 Mar 2017 16:21
UK,06 Mar 2017 06:22
MY,06 Mar 2017 04:55
FR,06 Mar 2017 01:20
KR,05 Mar 2017 22:59
RU,05 Mar 2017 17:19
RU,05 Mar 2017 14:47
DE,05 Mar 2017 13:56
AT,05 Mar 2017 06:29
RU,05 Mar 2017 02:42
FR,05 Mar 2017 01:51
RU,05 Mar 2017 01:36
RU,05 Mar 2017 00:19
RU,05 Mar 2017 00:18
ES,05 Mar 2017 00:01
LT,04 Mar 2017 23:06
CZ,04 Mar 2017 17:24
RU,04 Mar 2017 14:32
RU,04 Mar 2017 12:45
ES,04 Mar 2017 12:19
ES,04 Mar 2017 11:46
RU,04 Mar 2017 11:01
KR,04 Mar 2017 10:03
RU,04 Mar 2017 05:15
TR,04 Mar 2017 03:47
RU,04 Mar 2017 02:52
RU,04 Mar 2017 01:34
RU,04 Mar 2017 00:32
SRB,03 Mar 2017 14:37
RU,03 Mar 2017 13:26
ES,03 Mar 2017 09:57
RU,03 Mar 2017 09:35
ES,03 Mar 2017 08:52
RU,03 Mar 2017 07:52
RU,03 Mar 2017 05:53
PL,02 Mar 2017 23:15
RU,02 Mar 2017 21:44
RU,02 Mar 2017 21:25
RU,02 Mar 2017 21:24
RU,02 Mar 2017 21:24
BR,02 Mar 2017 13:52
CO,02 Mar 2017 11:33
RU,02 Mar 2017 11:03
RU,02 Mar 2017 11:01
RU,02 Mar 2017 10:18
IL,02 Mar 2017 09:57
RU,02 Mar 2017 09:53
EE,02 Mar 2017 09:37
RU,02 Mar 2017 09:26
RU,02 Mar 2017 08:26
ES,02 Mar 2017 05:23
RU,02 Mar 2017 03:47
RU,01 Mar 2017 23:21
RU,01 Mar 2017 22:36
NZ,01 Mar 2017 12:13
RU,01 Mar 2017 10:35
RU,01 Mar 2017 08:30
RU,01 Mar 2017 03:42
IT,28 Feb 2017 23:37
OM,28 Feb 2017 14:49
RU,28 Feb 2017 12:09
RU,28 Feb 2017 10:48
RU,28 Feb 2017 08:22
TR,28 Feb 2017 07:05
ES,28 Feb 2017 06:59
RU,28 Feb 2017 06:56
RU,28 Feb 2017 06:54
RU,28 Feb 2017 06:11
IN,28 Feb 2017 03:25
RU,28 Feb 2017 02:46
BE,28 Feb 2017 01:50
RU,27 Feb 2017 22:06
KR,27 Feb 2017 21:10
RU,27 Feb 2017 20:24
KR,27 Feb 2017 20:00
RU,27 Feb 2017 16:28
LT,27 Feb 2017 11:49
RU,27 Feb 2017 11:47
RU,27 Feb 2017 10:46
RU,27 Feb 2017 08:05
ES,27 Feb 2017 03:52
RU,27 Feb 2017 01:30
PE,26 Feb 2017 15:41
RU,26 Feb 2017 12:59
RU,26 Feb 2017 12:50
RU,26 Feb 2017 11:36
RU,26 Feb 2017 11:10
PT,26 Feb 2017 09:54
RU,26 Feb 2017 08:36
RU,26 Feb 2017 07:25
RU,26 Feb 2017 05:40
GR,26 Feb 2017 05:01
RU,26 Feb 2017 04:22
BR,26 Feb 2017 02:49
RU,26 Feb 2017 01:14
IL,25 Feb 2017 22:29
RU,25 Feb 2017 20:17
RU,25 Feb 2017 20:02
RU,25 Feb 2017 04:58
RU,25 Feb 2017 03:29
RU,08 Mar 2017 06:55
RU,08 Mar 2017 05:18
RU,08 Mar 2017 05:04
RU,08 Mar 2017 04:10
RU,08 Mar 2017 03:53
RU,08 Mar 2017 02:53
RU,08 Mar 2017 01:18
ES,08 Mar 2017 01:09
RU,08 Mar 2017 00:51
KZ,07 Mar 2017 22:34
RU,07 Mar 2017 16:08
RU,07 Mar 2017 13:58
RU,07 Mar 2017 10:29
RU,07 Mar 2017 09:43
RU,07 Mar 2017 08:02
RU,07 Mar 2017 07:38
RU,07 Mar 2017 04:35
RU,07 Mar 2017 02:57
RU,07 Mar 2017 00:04
RU,06 Mar 2017 22:08
RU,06 Mar 2017 11:14
RU,06 Mar 2017 10:55
RU,06 Mar 2017 10:31
RU,06 Mar 2017 10:28
RU,06 Mar 2017 10:27
RU,06 Mar 2017 08:37
RU,06 Mar 2017 08:32
RU,06 Mar 2017 04:41
RU,05 Mar 2017 23:22
RU,05 Mar 2017 14:01
RU,05 Mar 2017 09:35
RU,05 Mar 2017 09:34
RU,05 Mar 2017 09:26
RU,05 Mar 2017 08:38
RU,05 Mar 2017 08:21
RU,05 Mar 2017 08:09
RU,05 Mar 2017 07:54
RU,05 Mar 2017 06:55
RU,05 Mar 2017 06:39
RU,05 Mar 2017 06:23
RU,05 Mar 2017 05:31
RU,05 Mar 2017 02:29
RU,04 Mar 2017 23:15
RU,04 Mar 2017 21:37
RU,04 Mar 2017 10:42
RU,04 Mar 2017 10:27
RU,04 Mar 2017 09:59
RU,04 Mar 2017 05:49
RU,04 Mar 2017 04:20
RU,04 Mar 2017 03:52
RU,04 Mar 2017 02:24
RU,03 Mar 2017 19:11
RU,03 Mar 2017 11:49
RU,03 Mar 2017 09:38
RU,03 Mar 2017 09:01
RU,03 Mar 2017 07:38
RU,03 Mar 2017 07:35
RU,03 Mar 2017 06:21
RU,03 Mar 2017 03:07
RU,03 Mar 2017 01:22
RU,03 Mar 2017 00:57
RU,02 Mar 2017 23:47
RU,02 Mar 2017 22:54
RU,02 Mar 2017 22:52
US,02 Mar 2017 22:46
RU,02 Mar 2017 22:33
RU,02 Mar 2017 22:10
RU,02 Mar 2017 20:02
RU,02 Mar 2017 16:20
RU,02 Mar 2017 10:25
RU,02 Mar 2017 01:20
RU,02 Mar 2017 01:00
RU,02 Mar 2017 00:59
NL,02 Mar 2017 00:56
RU,01 Mar 2017 21:32
RU,01 Mar 2017 21:02
RU,01 Mar 2017 17:47
RU,01 Mar 2017 14:17
RU,01 Mar 2017 13:53
RU,01 Mar 2017 13:06
RU,01 Mar 2017 11:08
RU,01 Mar 2017 10:26
RU,01 Mar 2017 10:05
RU,01 Mar 2017 09:43
RU,01 Mar 2017 08:46
RU,01 Mar 2017 08:41
RU,01 Mar 2017 08:31
RU,01 Mar 2017 04:42
RU,01 Mar 2017 04:36
RU,01 Mar 2017 04:12
RU,01 Mar 2017 04:04
RU,01 Mar 2017 02:24
RU,01 Mar 2017 02:16
RU,01 Mar 2017 00:37
RU,28 Feb 2017 22:13
RU,28 Feb 2017 11:11
RU,28 Feb 2017 10:55
RU,28 Feb 2017 09:03
RU,28 Feb 2017 09:01
RU,28 Feb 2017 08:00
UA,28 Feb 2017 07:58
RU,28 Feb 2017 06:19
RU,28 Feb 2017 05:00
RU,28 Feb 2017 04:16
RU,28 Feb 2017 03:22
RU,28 Feb 2017 00:16
RU,27 Feb 2017 21:50
RU,27 Feb 2017 21:40
RU,27 Feb 2017 21:30
KZ,27 Feb 2017 20:07
BE,27 Feb 2017 14:54
RU,27 Feb 2017 12:57
RU,27 Feb 2017 11:00
RU,27 Feb 2017 09:46
RU,27 Feb 2017 09:42
RU,27 Feb 2017 07:07
RU,27 Feb 2017 06:37
RU,27 Feb 2017 05:28
RU,27 Feb 2017 03:54
RU,27 Feb 2017 03:06
KZ,08 Mar 2017 06:10
RU,08 Mar 2017 05:26
RU,08 Mar 2017 03:48
RU,08 Mar 2017 01:24
RU,07 Mar 2017 15:31
PL,07 Mar 2017 14:38
RU,07 Mar 2017 09:48
CH,07 Mar 2017 08:22
KZ,08 Mar 2017 06:10
RU,08 Mar 2017 05:26
RU,08 Mar 2017 03:48
RU,08 Mar 2017 01:24
RU,07 Mar 2017 15:31
PL,07 Mar 2017 14:38
RU,07 Mar 2017 09:48
CH,07 Mar 2017 08:22
RU,06 Mar 2017 01:18
RU,05 Mar 2017 12:24
RU,05 Mar 2017 11:26
RU,05 Mar 2017 09:21
IT,05 Mar 2017 09:09
RU,05 Mar 2017 09:07
RU,05 Mar 2017 08:30
RU,05 Mar 2017 08:15
RU,06 Mar 2017 10:32
BR,06 Mar 2017 08:53
RU,06 Mar 2017 08:28
RU,06 Mar 2017 07:12
HU,06 Mar 2017 04:20
RU,06 Mar 2017 03:22
RU,06 Mar 2017 02:23
RU,06 Mar 2017 01:24
RU,05 Mar 2017 07:31
JP,05 Mar 2017 06:02
UA,05 Mar 2017 02:22
RU,04 Mar 2017 21:49
BR,04 Mar 2017 08:04
UA,04 Mar 2017 06:34
RU,04 Mar 2017 06:03
RU,04 Mar 2017 05:44
RU,04 Mar 2017 05:40
TR,04 Mar 2017 04:54
RU,04 Mar 2017 04:45
BY,04 Mar 2017 01:40
RU,04 Mar 2017 01:10
RU,03 Mar 2017 22:33
RU,03 Mar 2017 11:18
ES,03 Mar 2017 11:04
RU,03 Mar 2017 09:23
RU,03 Mar 2017 08:53
BY,03 Mar 2017 07:26
RU,03 Mar 2017 07:21
RU,03 Mar 2017 06:14
RU,03 Mar 2017 02:55
RU,03 Mar 2017 02:42
DK,03 Mar 2017 01:46
RU,02 Mar 2017 11:33
RU,02 Mar 2017 08:57
RU,02 Mar 2017 06:15
RU,02 Mar 2017 02:34
RU,02 Mar 2017 01:30
RU,02 Mar 2017 00:55
ES,01 Mar 2017 13:41
RU,01 Mar 2017 10:18
TR,01 Mar 2017 08:17
BG,01 Mar 2017 02:20
RU,28 Feb 2017 21:32
RU,28 Feb 2017 20:47
RU,28 Feb 2017 14:11
RU,28 Feb 2017 12:13
RU,28 Feb 2017 08:31
RU,28 Feb 2017 08:27
RU,28 Feb 2017 08:07
RU,28 Feb 2017 07:42
UA,28 Feb 2017 03:39
SE,28 Feb 2017 03:01
BY,28 Feb 2017 02:26
RU,27 Feb 2017 11:29
RU,27 Feb 2017 10:55
RU,27 Feb 2017 07:18
RU,27 Feb 2017 06:12
BY,27 Feb 2017 05:44
RU,27 Feb 2017 03:53
RU,27 Feb 2017 01:28
RU,27 Feb 2017 01:16
TH,26 Feb 2017 21:31
RU,26 Feb 2017 11:34
RU,26 Feb 2017 10:41
RU,26 Feb 2017 10:34
RU,26 Feb 2017 05:06
RU,26 Feb 2017 04:55
RU,26 Feb 2017 04:54
RU,26 Feb 2017 03:44
KZ,26 Feb 2017 03:17
RU,26 Feb 2017 01:25
UA,25 Feb 2017 14:47
TR,25 Feb 2017 14:39
RU,25 Feb 2017 10:06
RU,25 Feb 2017 06:34
RU,25 Feb 2017 04:04
RU,24 Feb 2017 22:50
RU,24 Feb 2017 15:20
RU,24 Feb 2017 14:10
PL,24 Feb 2017 10:04
PL,24 Feb 2017 06:48
RU,24 Feb 2017 05:37
RU,24 Feb 2017 02:51
RU,24 Feb 2017 02:45
RU,23 Feb 2017 19:46
RU,23 Feb 2017 16:13
EE,23 Feb 2017 12:22
RU,23 Feb 2017 10:32
RU,23 Feb 2017 09:50
RU,23 Feb 2017 07:55
RU,23 Feb 2017 03:59
RU,23 Feb 2017 03:18
BY,23 Feb 2017 02:16
RU,23 Feb 2017 00:17
RU,23 Feb 2017 00:14
RU,22 Feb 2017 22:34
RU,07 Mar 2017 16:02
CA,05 Mar 2017 16:35
RU,05 Mar 2017 04:41
PH,04 Mar 2017 04:05
RU,03 Mar 2017 14:31
RU,03 Mar 2017 01:59
RU,02 Mar 2017 03:41
CZ,01 Mar 2017 13:15
RU,07 Mar 2017 16:02
CA,05 Mar 2017 16:35
RU,05 Mar 2017 04:41
PH,04 Mar 2017 04:05
RU,03 Mar 2017 14:31
RU,03 Mar 2017 01:59
RU,02 Mar 2017 03:41
CZ,01 Mar 2017 13:15
RU,22 Feb 2017 01:16
FR,21 Feb 2017 20:03
RU,21 Feb 2017 08:55
RU,21 Feb 2017 06:21
NO,20 Feb 2017 13:33
RU,19 Feb 2017 12:18
RU,19 Feb 2017 07:01
TH,18 Feb 2017 06:53
HU,26 Feb 2017 07:12
FR,25 Feb 2017 14:31
RU,25 Feb 2017 06:33
RU,25 Feb 2017 04:53
IN,24 Feb 2017 10:02
IT,24 Feb 2017 02:45
FR,23 Feb 2017 06:16
IT,23 Feb 2017 05:56
RU,17 Feb 2017 00:04
RU,16 Feb 2017 08:37
RU,15 Feb 2017 16:18
CZ,15 Feb 2017 12:18
RU,14 Feb 2017 14:16
DE,14 Feb 2017 10:39
IL,14 Feb 2017 00:24
TH,13 Feb 2017 19:59
BR,13 Feb 2017 18:06
RU,13 Feb 2017 09:17
RU,13 Feb 2017 01:27
RU,13 Feb 2017 01:07
PT,12 Feb 2017 04:42
RU,11 Feb 2017 05:10
FR,11 Feb 2017 03:44
RU,10 Feb 2017 15:55
RU,10 Feb 2017 09:38
KR,10 Feb 2017 06:26
RU,10 Feb 2017 02:02
RU,09 Feb 2017 23:13
RU,09 Feb 2017 22:14
RU,09 Feb 2017 19:27
ES,09 Feb 2017 07:46
UA,08 Feb 2017 11:46
RU,08 Feb 2017 06:23
FI,07 Feb 2017 11:44
BY,07 Feb 2017 08:47
ES,07 Feb 2017 05:43
RU,06 Feb 2017 09:47
RU,06 Feb 2017 03:30
RU,05 Feb 2017 04:55
NL,05 Feb 2017 03:25
RU,05 Feb 2017 01:52
CZ,05 Feb 2017 00:55
RU,04 Feb 2017 20:58
CA,04 Feb 2017 07:41
LT,04 Feb 2017 06:35
DE,03 Feb 2017 08:43
AT,03 Feb 2017 00:40
RU,02 Feb 2017 05:19
IT,02 Feb 2017 04:53
UA,31 Jan 2017 23:35
RU,31 Jan 2017 03:31
RU,30 Jan 2017 16:37
RU,30 Jan 2017 01:41
TR,29 Jan 2017 06:36
CH,29 Jan 2017 02:42
RU,28 Jan 2017 19:28
KR,28 Jan 2017 15:03
RU,28 Jan 2017 07:32
IT,28 Jan 2017 06:07
RU,28 Jan 2017 04:28
ES,28 Jan 2017 00:44
BE,27 Jan 2017 19:13
RU,27 Jan 2017 17:12
TR,27 Jan 2017 10:29
DE,27 Jan 2017 01:59
RU,25 Jan 2017 08:09
RU,25 Jan 2017 05:57
RU,24 Jan 2017 13:23
RU,24 Jan 2017 08:44
BR,24 Jan 2017 05:19
RU,23 Jan 2017 00:50
NL,22 Jan 2017 20:16
RU,22 Jan 2017 18:35
RU,22 Jan 2017 00:29
PL,21 Jan 2017 22:58
RU,21 Jan 2017 13:41
RU,21 Jan 2017 10:06
BE,21 Jan 2017 06:49
RU,20 Jan 2017 23:38
SI,20 Jan 2017 22:38
RU,20 Jan 2017 17:19
RU,20 Jan 2017 10:28
RU,20 Jan 2017 04:22
RU,19 Jan 2017 21:21
KZ,19 Jan 2017 13:34
RU,18 Jan 2017 12:29
RU,18 Jan 2017 07:09
RU,18 Jan 2017 06:54
RU,17 Jan 2017 22:07
BR,17 Jan 2017 15:23
SA,17 Jan 2017 11:51
RU,17 Jan 2017 09:41
RU,17 Jan 2017 08:57
BY,17 Jan 2017 08:52
RU,17 Jan 2017 04:11
RU,16 Jan 2017 09:52
KZ,08 Mar 2017 06:22
PL,08 Mar 2017 05:11
RU,07 Mar 2017 17:45
RU,07 Mar 2017 04:11
BE,07 Mar 2017 01:26
ES,06 Mar 2017 17:24
ES,06 Mar 2017 09:40
UA,06 Mar 2017 09:01
KZ,08 Mar 2017 06:22
PL,08 Mar 2017 05:11
RU,07 Mar 2017 17:45
RU,07 Mar 2017 04:11
BE,07 Mar 2017 01:26
ES,06 Mar 2017 17:24
ES,06 Mar 2017 09:40
UA,06 Mar 2017 09:01
UA,04 Mar 2017 09:28
UA,04 Mar 2017 09:02
ES,04 Mar 2017 06:19
TR,04 Mar 2017 03:47
SG,04 Mar 2017 03:40
RU,04 Mar 2017 01:02
NL,03 Mar 2017 10:22
RU,03 Mar 2017 08:46
RU,05 Mar 2017 01:53
RU,05 Mar 2017 01:39
RO,04 Mar 2017 23:56
RU,04 Mar 2017 23:55
RU,04 Mar 2017 20:08
US,04 Mar 2017 16:38
RU,04 Mar 2017 12:59
UA,04 Mar 2017 11:37
UA,03 Mar 2017 08:22
RU,03 Mar 2017 05:35
RU,03 Mar 2017 03:40
RU,03 Mar 2017 02:37
RU,02 Mar 2017 22:14
FI,02 Mar 2017 13:48
NO,02 Mar 2017 12:55
AU,02 Mar 2017 12:16
EE,02 Mar 2017 07:52
LT,02 Mar 2017 07:01
RU,02 Mar 2017 04:28
UA,02 Mar 2017 03:35
FR,02 Mar 2017 03:09
DE,02 Mar 2017 03:03
RU,01 Mar 2017 19:16
FR,01 Mar 2017 16:18
EE,01 Mar 2017 14:29
IE,01 Mar 2017 07:41
SE,01 Mar 2017 07:22
RU,01 Mar 2017 02:58
LV,01 Mar 2017 00:38
RU,28 Feb 2017 22:55
KZ,28 Feb 2017 20:34
CO,28 Feb 2017 19:31
IT,28 Feb 2017 15:42
NL,28 Feb 2017 15:10
ES,28 Feb 2017 14:01
BE,28 Feb 2017 10:29
RU,28 Feb 2017 08:21
RU,28 Feb 2017 08:06
RU,28 Feb 2017 08:01
RU,28 Feb 2017 06:21
RU,28 Feb 2017 04:27
RU,28 Feb 2017 03:50
UA,28 Feb 2017 03:48
TH,27 Feb 2017 22:26
IL,27 Feb 2017 10:30
RU,27 Feb 2017 09:09
UA,27 Feb 2017 07:43
RU,27 Feb 2017 07:21
LT,27 Feb 2017 04:52
TR,27 Feb 2017 03:50
AU,27 Feb 2017 01:25
RU,26 Feb 2017 23:37
US,26 Feb 2017 21:40
RU,26 Feb 2017 21:34
NZ,26 Feb 2017 20:51
PE,26 Feb 2017 15:41
RU,26 Feb 2017 13:37
RU,26 Feb 2017 12:29
BE,26 Feb 2017 11:48
KZ,26 Feb 2017 09:44
RU,26 Feb 2017 08:49
DE,26 Feb 2017 08:04
RU,26 Feb 2017 07:39
UA,26 Feb 2017 05:27
SA,26 Feb 2017 02:14
RU,25 Feb 2017 22:04
RU,25 Feb 2017 21:49
NZ,25 Feb 2017 21:32
BR,25 Feb 2017 12:02
UA,25 Feb 2017 03:41
PK,25 Feb 2017 01:10
QA,25 Feb 2017 01:06
MA,25 Feb 2017 00:52
KZ,24 Feb 2017 23:38
RU,24 Feb 2017 22:31
ES,24 Feb 2017 14:56
UK,24 Feb 2017 11:27
AE,24 Feb 2017 08:53
UA,24 Feb 2017 08:32
TR,24 Feb 2017 08:04
TR,24 Feb 2017 06:32
EE,24 Feb 2017 05:41
RU,24 Feb 2017 03:38
RU,24 Feb 2017 00:04
LT,23 Feb 2017 23:52
CL,23 Feb 2017 17:52
UA,23 Feb 2017 16:38
RU,23 Feb 2017 10:54
KR,23 Feb 2017 07:30
BY,22 Feb 2017 21:50
NZ,22 Feb 2017 15:25
PL,22 Feb 2017 14:15
RU,22 Feb 2017 12:22
RE,22 Feb 2017 05:47
ES,22 Feb 2017 04:04
UA,22 Feb 2017 03:37
LU,08 Mar 2017 01:10
RU,07 Mar 2017 12:57
AL,07 Mar 2017 10:01
PH,07 Mar 2017 01:09
TR,06 Mar 2017 10:21
FR,05 Mar 2017 23:18
RU,05 Mar 2017 05:58
KR,05 Mar 2017 03:33
TR,04 Mar 2017 09:39
RU,04 Mar 2017 04:35
RO,03 Mar 2017 23:41
TR,03 Mar 2017 17:01
UA,03 Mar 2017 09:23
UZ,02 Mar 2017 02:33
RU,01 Mar 2017 15:44
RU,01 Mar 2017 12:20
ES,01 Mar 2017 03:21
RU,01 Mar 2017 01:59
SK,28 Feb 2017 23:41
TR,28 Feb 2017 08:10
SE,27 Feb 2017 23:26
RU,27 Feb 2017 11:00
RU,27 Feb 2017 10:27
RU,27 Feb 2017 08:36
RU,26 Feb 2017 12:52
IL,26 Feb 2017 09:27
TR,26 Feb 2017 04:46
RU,25 Feb 2017 21:29
TR,25 Feb 2017 06:03
RU,25 Feb 2017 01:35
RU,24 Feb 2017 11:40
TR,24 Feb 2017 09:42
RU,24 Feb 2017 06:21
UA,24 Feb 2017 03:27
TR,23 Feb 2017 03:01
RO,22 Feb 2017 08:01
UA,22 Feb 2017 02:59
UA,22 Feb 2017 02:44
ES,21 Feb 2017 23:58
TR,21 Feb 2017 14:49
TR,21 Feb 2017 02:55
TR,20 Feb 2017 11:10
RU,20 Feb 2017 10:55
TR,20 Feb 2017 07:19
RU,20 Feb 2017 01:36
RU,19 Feb 2017 23:03
TR,19 Feb 2017 08:46
TR,19 Feb 2017 07:49
RU,19 Feb 2017 00:35
LT,18 Feb 2017 03:07
RU,17 Feb 2017 19:09
TR,17 Feb 2017 19:02
AU,17 Feb 2017 03:40
RU,17 Feb 2017 03:16
RU,17 Feb 2017 01:45
RU,16 Feb 2017 14:08
TR,16 Feb 2017 04:13
RU,15 Feb 2017 21:00
TR,15 Feb 2017 12:03
TH,15 Feb 2017 09:58
LT,15 Feb 2017 08:30
RU,15 Feb 2017 06:39
TR,15 Feb 2017 05:29
RU,15 Feb 2017 03:39
KR,14 Feb 2017 19:00
RU,14 Feb 2017 11:52
TR,14 Feb 2017 11:17
RU,14 Feb 2017 07:20
RU,14 Feb 2017 07:12
RU,14 Feb 2017 07:03
RU,14 Feb 2017 06:56
RU,14 Feb 2017 05:31
FR,13 Feb 2017 20:52
RU,13 Feb 2017 18:49
TR,13 Feb 2017 13:56
IT,13 Feb 2017 11:14
IL,13 Feb 2017 10:29
RU,12 Feb 2017 02:14
RU,11 Feb 2017 23:55
CZ,11 Feb 2017 13:50
HU,11 Feb 2017 09:19
HR,11 Feb 2017 07:52
RU,10 Feb 2017 23:41
RU,10 Feb 2017 09:48
IT,10 Feb 2017 06:10
TR,09 Feb 2017 13:07
ES,09 Feb 2017 06:38
RU,09 Feb 2017 05:03
RU,09 Feb 2017 01:34
AT,08 Feb 2017 12:17
RU,08 Feb 2017 09:08
BY,08 Feb 2017 09:01
TR,07 Feb 2017 16:22
TR,07 Feb 2017 12:32
TH,07 Feb 2017 07:26
BY,07 Feb 2017 06:06
RU,07 Feb 2017 05:52
TR,07 Feb 2017 01:48
KR,06 Feb 2017 22:47
US,06 Feb 2017 19:58
TR,06 Feb 2017 11:30
RU,06 Feb 2017 09:26
RU,06 Feb 2017 09:24
TR,06 Feb 2017 05:56
HU,06 Feb 2017 05:14
TR,06 Feb 2017 02:00
TR,06 Feb 2017 02:00
TR,06 Feb 2017 01:59
TR,06 Feb 2017 01:59
TR,06 Feb 2017 01:54
TR,06 Feb 2017 01:53
RU,05 Feb 2017 21:34
TR,05 Feb 2017 17:51
TR,05 Feb 2017 17:00
KZ,05 Feb 2017 02:55
TH,05 Feb 2017 00:51
RU,04 Feb 2017 23:04
TR,04 Feb 2017 09:35
RU,04 Feb 2017 09:18
RU,04 Feb 2017 07:48
BG,08 Mar 2017 07:12
RU,08 Mar 2017 06:56
RU,08 Mar 2017 06:36
FI,08 Mar 2017 05:25
KR,08 Mar 2017 03:29
RU,08 Mar 2017 01:12
RU,08 Mar 2017 01:02
RU,08 Mar 2017 00:56
RU,08 Mar 2017 00:26
RU,07 Mar 2017 20:24
RU,07 Mar 2017 19:10
SE,07 Mar 2017 15:59
GR,07 Mar 2017 12:38
RU,07 Mar 2017 10:37
RU,07 Mar 2017 08:24
RU,07 Mar 2017 07:51
RU,07 Mar 2017 05:08
RU,07 Mar 2017 04:05
MU,07 Mar 2017 02:54
RU,07 Mar 2017 01:10
RU,06 Mar 2017 23:44
IL,06 Mar 2017 21:59
RU,06 Mar 2017 21:22
RU,06 Mar 2017 14:37
RU,06 Mar 2017 13:48
RU,06 Mar 2017 13:31
RU,06 Mar 2017 11:40
RU,06 Mar 2017 11:19
RU,06 Mar 2017 10:49
RU,06 Mar 2017 09:20
RU,06 Mar 2017 09:13
RU,06 Mar 2017 07:36
RU,06 Mar 2017 04:39
RU,06 Mar 2017 04:32
RU,06 Mar 2017 03:33
RU,06 Mar 2017 03:20
IN,06 Mar 2017 01:42
KH,06 Mar 2017 00:34
RU,05 Mar 2017 23:42
ES,05 Mar 2017 16:38
RU,05 Mar 2017 14:53
SK,05 Mar 2017 13:38
IL,05 Mar 2017 12:17
RU,05 Mar 2017 11:24
RU,05 Mar 2017 10:39
RU,05 Mar 2017 10:17
RU,05 Mar 2017 08:46
RU,05 Mar 2017 08:40
RU,05 Mar 2017 08:37
RU,05 Mar 2017 06:49
RU,05 Mar 2017 05:35
RU,05 Mar 2017 04:25
RU,05 Mar 2017 02:47
US,04 Mar 2017 11:53
AT,04 Mar 2017 09:32
RU,04 Mar 2017 06:46
RU,04 Mar 2017 06:44
RU,04 Mar 2017 06:29
RU,04 Mar 2017 05:42
RU,04 Mar 2017 02:26
RU,04 Mar 2017 02:21
RU,03 Mar 2017 21:27
RU,03 Mar 2017 19:59
RU,03 Mar 2017 17:45
RU,03 Mar 2017 16:24
BY,03 Mar 2017 14:41
IL,03 Mar 2017 14:32
RU,03 Mar 2017 12:53
RU,03 Mar 2017 08:31
RU,03 Mar 2017 06:59
RU,03 Mar 2017 06:20
US,03 Mar 2017 05:57
RU,03 Mar 2017 02:31
RU,02 Mar 2017 21:20
RU,02 Mar 2017 18:27
RU,02 Mar 2017 16:02
RU,02 Mar 2017 13:00
RU,02 Mar 2017 12:22
RU,02 Mar 2017 11:59
RU,02 Mar 2017 11:40
RU,02 Mar 2017 11:08
RU,02 Mar 2017 10:18
RU,02 Mar 2017 09:33
RU,02 Mar 2017 09:26
RU,02 Mar 2017 08:51
RU,02 Mar 2017 08:42
RU,02 Mar 2017 06:48
RU,02 Mar 2017 06:38
RU,02 Mar 2017 06:13
RU,02 Mar 2017 05:04
RU,02 Mar 2017 04:57
RU,02 Mar 2017 04:36
RU,02 Mar 2017 03:14
RU,01 Mar 2017 23:49
RU,01 Mar 2017 23:35
RU,01 Mar 2017 23:11
RU,01 Mar 2017 12:06
RU,01 Mar 2017 12:01
RU,01 Mar 2017 10:55
RU,01 Mar 2017 10:10
TR,01 Mar 2017 09:54
CA,01 Mar 2017 08:57
RU,01 Mar 2017 08:24
RU,01 Mar 2017 03:43
RU,01 Mar 2017 03:25
CZ,28 Feb 2017 23:26
RU,28 Feb 2017 23:05
RU,28 Feb 2017 21:53
RU,28 Feb 2017 20:48
RU,28 Feb 2017 19:10
KZ,28 Feb 2017 10:33
RU,28 Feb 2017 08:45
RU,28 Feb 2017 08:06
RU,28 Feb 2017 07:05
RU,28 Feb 2017 04:13
RU,28 Feb 2017 03:25
RU,28 Feb 2017 03:03
BY,28 Feb 2017 01:23
RU,28 Feb 2017 01:04
GE,28 Feb 2017 00:40
RO,08 Mar 2017 03:27
KZ,07 Mar 2017 23:47
SK,07 Mar 2017 21:18
RU,07 Mar 2017 12:47
RU,06 Mar 2017 21:11
RU,06 Mar 2017 19:01
TR,05 Mar 2017 11:44
RU,05 Mar 2017 11:29
RU,05 Mar 2017 06:46
LT,05 Mar 2017 06:04
KZ,04 Mar 2017 23:20
RU,04 Mar 2017 19:40
SK,04 Mar 2017 13:08
RU,04 Mar 2017 10:20
RU,04 Mar 2017 02:56
RU,04 Mar 2017 02:49
RU,03 Mar 2017 11:43
RU,03 Mar 2017 09:20
RU,03 Mar 2017 09:03
RU,03 Mar 2017 06:15
RU,02 Mar 2017 21:55
RU,02 Mar 2017 10:18
RU,02 Mar 2017 10:05
RU,02 Mar 2017 09:44
LV,02 Mar 2017 08:13
RU,02 Mar 2017 06:32
RU,02 Mar 2017 05:36
RU,02 Mar 2017 02:56
KZ,02 Mar 2017 01:45
RU,01 Mar 2017 09:13
TR,01 Mar 2017 08:23
RU,01 Mar 2017 03:43
RU,01 Mar 2017 02:53
RU,28 Feb 2017 22:59
CZ,28 Feb 2017 01:34
RU,27 Feb 2017 10:34
RU,27 Feb 2017 08:49
BE,27 Feb 2017 05:15
RU,27 Feb 2017 00:40
RU,26 Feb 2017 23:28
RU,26 Feb 2017 21:31
RU,26 Feb 2017 20:57
RU,26 Feb 2017 08:22
RU,26 Feb 2017 06:55
RU,26 Feb 2017 01:14
SK,26 Feb 2017 01:07
RU,25 Feb 2017 19:01
RU,25 Feb 2017 11:54
RU,25 Feb 2017 09:30
RU,25 Feb 2017 06:37
ES,24 Feb 2017 10:43
RU,24 Feb 2017 02:29
CZ,23 Feb 2017 12:05
RU,22 Feb 2017 23:56
RU,22 Feb 2017 23:05
RU,22 Feb 2017 10:21
RU,22 Feb 2017 05:08
RU,22 Feb 2017 00:36
RU,21 Feb 2017 14:48
IL,21 Feb 2017 12:33
FR,21 Feb 2017 10:47
TR,21 Feb 2017 10:08
RU,21 Feb 2017 09:25
RU,21 Feb 2017 07:07
RU,21 Feb 2017 03:13
RU,21 Feb 2017 00:07
RU,20 Feb 2017 14:42
RU,19 Feb 2017 21:38
RU,19 Feb 2017 14:01
PT,19 Feb 2017 10:48
RU,19 Feb 2017 03:53
RU,18 Feb 2017 21:38
RU,18 Feb 2017 21:23
LV,18 Feb 2017 11:32
RU,18 Feb 2017 07:53
RU,18 Feb 2017 06:04
RU,17 Feb 2017 17:16
RU,17 Feb 2017 11:21
RU,17 Feb 2017 09:05
SK,17 Feb 2017 07:43
LT,17 Feb 2017 05:46
RU,17 Feb 2017 05:41
RU,17 Feb 2017 03:59
RU,17 Feb 2017 03:27
RU,17 Feb 2017 01:12
RU,16 Feb 2017 11:52
RU,16 Feb 2017 11:30
RU,16 Feb 2017 10:45
RU,16 Feb 2017 04:27
RU,16 Feb 2017 04:13
FR,16 Feb 2017 02:26
RU,15 Feb 2017 16:26
RU,15 Feb 2017 13:19
NL,15 Feb 2017 07:54
RU,14 Feb 2017 23:34
PT,14 Feb 2017 10:56
RU,14 Feb 2017 10:08
RU,14 Feb 2017 08:18
BG,14 Feb 2017 06:40
RU,14 Feb 2017 01:04
SK,13 Feb 2017 23:42
RU,13 Feb 2017 15:16
PL,13 Feb 2017 12:42
RU,13 Feb 2017 06:20
RU,12 Feb 2017 11:14
BG,12 Feb 2017 07:28
RU,11 Feb 2017 18:13
RU,11 Feb 2017 10:46
RU,11 Feb 2017 05:12
RU,10 Feb 2017 17:31
RU,10 Feb 2017 13:50
RU,10 Feb 2017 11:11
CZ,10 Feb 2017 09:01
RU,10 Feb 2017 05:36
RU,10 Feb 2017 05:24
FR,09 Feb 2017 12:14
RU,09 Feb 2017 07:33
ES,09 Feb 2017 03:12
SK,08 Feb 2017 14:08
SK,08 Feb 2017 12:56
RU,08 Mar 2017 03:17
RU,08 Mar 2017 02:20
RU,07 Mar 2017 21:49
MA,07 Mar 2017 14:29
US,07 Mar 2017 13:19
RU,07 Mar 2017 00:40
RU,07 Mar 2017 00:39
RU,06 Mar 2017 08:30
RU,08 Mar 2017 03:17
RU,08 Mar 2017 02:20
RU,07 Mar 2017 21:49
MA,07 Mar 2017 14:29
US,07 Mar 2017 13:19
RU,07 Mar 2017 00:40
RU,07 Mar 2017 00:39
RU,06 Mar 2017 08:30
ES,03 Mar 2017 08:46
LT,03 Mar 2017 08:27
AL,03 Mar 2017 01:50
KR,03 Mar 2017 01:42
RU,02 Mar 2017 09:36
RU,01 Mar 2017 13:33
BG,01 Mar 2017 12:10
RU,28 Feb 2017 23:49
IS,04 Mar 2017 08:17
NL,04 Mar 2017 06:37
RU,04 Mar 2017 03:51
RU,04 Mar 2017 03:49
UA,03 Mar 2017 23:40
RU,03 Mar 2017 21:30
UA,03 Mar 2017 14:28
RU,03 Mar 2017 12:00
RU,28 Feb 2017 11:28
RU,28 Feb 2017 11:27
RU,28 Feb 2017 09:51
RU,28 Feb 2017 08:19
RU,28 Feb 2017 08:17
RU,28 Feb 2017 08:15
KR,28 Feb 2017 04:33
RU,27 Feb 2017 21:46
RU,27 Feb 2017 13:40
RU,27 Feb 2017 12:11
RU,27 Feb 2017 09:11
RU,26 Feb 2017 07:11
RU,26 Feb 2017 03:58
RU,26 Feb 2017 01:45
RU,25 Feb 2017 00:11
RU,24 Feb 2017 18:11
RU,24 Feb 2017 10:22
RU,24 Feb 2017 10:21
RU,23 Feb 2017 09:31
RU,23 Feb 2017 06:48
RU,23 Feb 2017 04:41
RU,23 Feb 2017 03:15
PL,22 Feb 2017 09:03
UA,22 Feb 2017 07:51
RU,22 Feb 2017 05:49
RU,22 Feb 2017 04:56
RU,21 Feb 2017 14:38
RU,21 Feb 2017 13:16
RU,21 Feb 2017 13:15
RU,21 Feb 2017 09:31
RU,21 Feb 2017 09:23
BE,21 Feb 2017 08:48
RU,21 Feb 2017 04:14
SRB,19 Feb 2017 11:03
KG,19 Feb 2017 09:37
MD,19 Feb 2017 00:09
RU,18 Feb 2017 23:28
RU,18 Feb 2017 19:51
RU,18 Feb 2017 02:55
RU,18 Feb 2017 00:19
AT,17 Feb 2017 12:10
RU,17 Feb 2017 11:21
JP,17 Feb 2017 02:58
RU,17 Feb 2017 02:24
RU,16 Feb 2017 10:35
RU,16 Feb 2017 09:34
RU,16 Feb 2017 09:05
RU,15 Feb 2017 08:55
RU,15 Feb 2017 01:31
RU,15 Feb 2017 00:09
RU,14 Feb 2017 20:03
RU,14 Feb 2017 10:14
RU,14 Feb 2017 08:09
RU,14 Feb 2017 04:01
PL,14 Feb 2017 03:18
RU,13 Feb 2017 23:17
RU,13 Feb 2017 12:49
RU,13 Feb 2017 11:41
RU,13 Feb 2017 10:56
RU,13 Feb 2017 09:58
RU,13 Feb 2017 07:59
RU,13 Feb 2017 04:36
PL,12 Feb 2017 04:12
RU,11 Feb 2017 23:37
RU,11 Feb 2017 22:50
RU,11 Feb 2017 22:41
RU,11 Feb 2017 11:35
RU,09 Feb 2017 16:01
AT,09 Feb 2017 15:50
RU,09 Feb 2017 06:00
RU,09 Feb 2017 03:46
RU,09 Feb 2017 03:41
ES,09 Feb 2017 03:08
RU,09 Feb 2017 02:57
RU,08 Feb 2017 12:58
RU,08 Feb 2017 11:54
RU,08 Feb 2017 03:00
RU,07 Feb 2017 14:56
RU,07 Feb 2017 13:37
HN,07 Feb 2017 06:57
KR,06 Feb 2017 21:50
RU,06 Feb 2017 20:04
UA,06 Feb 2017 11:24
MU,05 Feb 2017 13:21
RU,05 Feb 2017 10:38
RU,05 Feb 2017 08:15
RU,04 Feb 2017 15:09
ES,04 Feb 2017 11:05
RU,08 Mar 2017 05:47
RU,08 Mar 2017 05:32
RU,08 Mar 2017 02:53
RO,08 Mar 2017 02:25
RO,08 Mar 2017 02:24
RU,08 Mar 2017 00:05
FI,07 Mar 2017 15:13
RU,07 Mar 2017 13:22
RU,07 Mar 2017 10:43
RU,07 Mar 2017 09:04
FR,07 Mar 2017 08:31
FR,07 Mar 2017 08:26
RU,07 Mar 2017 05:20
RU,07 Mar 2017 04:34
RU,07 Mar 2017 02:22
CZ,06 Mar 2017 23:44
KZ,06 Mar 2017 10:43
RU,06 Mar 2017 09:31
SI,06 Mar 2017 07:04
RO,06 Mar 2017 06:59
RU,06 Mar 2017 06:58
RO,06 Mar 2017 06:58
SE,05 Mar 2017 11:48
CZ,05 Mar 2017 10:29
RU,05 Mar 2017 05:19
FR,04 Mar 2017 23:54
RU,04 Mar 2017 22:24
ES,04 Mar 2017 10:44
RU,04 Mar 2017 09:59
RU,04 Mar 2017 03:47
IT,03 Mar 2017 21:35
CZ,03 Mar 2017 11:52
RU,03 Mar 2017 10:38
RU,03 Mar 2017 10:11
ES,03 Mar 2017 02:59
LT,02 Mar 2017 21:31
RU,02 Mar 2017 10:48
RU,01 Mar 2017 16:24
RU,01 Mar 2017 11:12
BE,01 Mar 2017 05:35
RU,01 Mar 2017 05:20
RU,28 Feb 2017 23:45
RU,28 Feb 2017 19:16
LT,28 Feb 2017 13:11
CZ,28 Feb 2017 10:40
RU,28 Feb 2017 08:03
SI,28 Feb 2017 07:10
RU,28 Feb 2017 04:39
RU,28 Feb 2017 01:59
RU,27 Feb 2017 20:52
FI,27 Feb 2017 16:54
LT,27 Feb 2017 15:18
LT,27 Feb 2017 11:06
RU,27 Feb 2017 06:30
ES,27 Feb 2017 04:45
RU,27 Feb 2017 04:24
RU,27 Feb 2017 02:03
RU,26 Feb 2017 09:12
RU,26 Feb 2017 07:01
RU,26 Feb 2017 05:41
RU,25 Feb 2017 22:35
BE,25 Feb 2017 12:21
KZ,25 Feb 2017 11:28
RU,25 Feb 2017 08:28
FR,25 Feb 2017 01:38
RU,25 Feb 2017 01:09
RU,24 Feb 2017 23:42
RU,24 Feb 2017 19:08
RU,24 Feb 2017 08:36
RU,24 Feb 2017 08:26
KZ,23 Feb 2017 23:14
ES,23 Feb 2017 14:45
SI,23 Feb 2017 14:42
RU,23 Feb 2017 14:25
RU,23 Feb 2017 12:22
RU,23 Feb 2017 09:28
RU,23 Feb 2017 08:17
DK,23 Feb 2017 07:54
RU,23 Feb 2017 07:44
RU,23 Feb 2017 01:41
RU,23 Feb 2017 01:31
KZ,23 Feb 2017 00:02
RU,22 Feb 2017 20:59
RU,22 Feb 2017 18:54
ES,22 Feb 2017 16:20
ES,22 Feb 2017 16:19
ES,22 Feb 2017 16:12
BE,22 Feb 2017 15:28
RU,22 Feb 2017 13:16
RU,22 Feb 2017 10:15
RU,22 Feb 2017 09:43
RU,22 Feb 2017 08:13
RU,22 Feb 2017 07:25
RU,22 Feb 2017 05:16
RU,22 Feb 2017 02:55
ES,22 Feb 2017 02:02
SE,21 Feb 2017 15:58
RU,21 Feb 2017 05:13
RU,20 Feb 2017 22:24
RU,20 Feb 2017 12:43
RU,20 Feb 2017 10:52
RU,20 Feb 2017 05:08
RU,20 Feb 2017 03:19
RU,20 Feb 2017 02:37
RU,20 Feb 2017 01:07
RU,19 Feb 2017 22:06
RU,19 Feb 2017 09:47
RU,19 Feb 2017 09:02
RU,19 Feb 2017 08:54
RU,19 Feb 2017 07:39
RU,19 Feb 2017 07:26
RU,19 Feb 2017 01:16
RU,18 Feb 2017 23:59
RU,18 Feb 2017 23:40
RU,18 Feb 2017 07:58
RU,18 Feb 2017 05:24
RU,18 Feb 2017 03:10
RU,18 Feb 2017 01:33
RU,18 Feb 2017 00:19
RU,17 Feb 2017 23:08
GR,08 Mar 2017 07:16
ES,08 Mar 2017 05:11
KR,07 Mar 2017 23:36
IT,07 Mar 2017 15:59
FR,07 Mar 2017 13:31
TR,07 Mar 2017 02:56
TR,06 Mar 2017 21:59
NL,06 Mar 2017 14:40
RU,06 Mar 2017 10:55
IL,06 Mar 2017 07:35
IL,06 Mar 2017 07:32
IL,06 Mar 2017 07:32
IL,06 Mar 2017 07:31
IL,06 Mar 2017 07:31
IL,06 Mar 2017 07:30
UA,06 Mar 2017 06:36
RU,06 Mar 2017 05:31
JP,06 Mar 2017 04:23
TR,06 Mar 2017 04:02
ES,06 Mar 2017 02:39
RU,05 Mar 2017 18:10
BE,05 Mar 2017 13:13
LT,05 Mar 2017 13:08
TR,05 Mar 2017 08:11
HR,05 Mar 2017 06:15
IE,05 Mar 2017 03:41
CZ,04 Mar 2017 23:57
TH,04 Mar 2017 18:16
NZ,04 Mar 2017 15:45
ES,04 Mar 2017 11:38
BG,04 Mar 2017 07:36
PT,04 Mar 2017 02:54
RU,03 Mar 2017 17:12
RU,03 Mar 2017 11:53
NL,03 Mar 2017 10:12
PL,03 Mar 2017 08:17
SA,03 Mar 2017 00:18
CL,02 Mar 2017 23:44
AT,02 Mar 2017 23:39
BR,02 Mar 2017 13:52
HU,02 Mar 2017 13:39
CZ,02 Mar 2017 09:43
UA,02 Mar 2017 09:32
LK,02 Mar 2017 07:46
ES,02 Mar 2017 05:51
TR,02 Mar 2017 00:33
TR,01 Mar 2017 14:40
UA,01 Mar 2017 08:27
RU,01 Mar 2017 01:53
TR,01 Mar 2017 00:47
BR,01 Mar 2017 00:40
TR,28 Feb 2017 17:28
MK,28 Feb 2017 15:09
FR,28 Feb 2017 14:05
UA,28 Feb 2017 12:00
RU,28 Feb 2017 06:27
SA,28 Feb 2017 05:24
CL,28 Feb 2017 04:03
IL,28 Feb 2017 03:15
LV,28 Feb 2017 02:20
CL,27 Feb 2017 19:58
IT,27 Feb 2017 14:04
PT,27 Feb 2017 13:43
RU,27 Feb 2017 13:19
RU,27 Feb 2017 09:57
RU,27 Feb 2017 08:49
TR,27 Feb 2017 08:38
UA,27 Feb 2017 08:26
US,27 Feb 2017 06:33
RU,27 Feb 2017 05:06
ES,27 Feb 2017 04:05
LT,27 Feb 2017 02:34
UA,26 Feb 2017 14:07
RU,26 Feb 2017 13:20
ES,26 Feb 2017 11:36
UA,26 Feb 2017 11:03
CZ,26 Feb 2017 09:25
RU,26 Feb 2017 08:28
RU,26 Feb 2017 07:26
LT,26 Feb 2017 06:29
ES,26 Feb 2017 04:57
HU,25 Feb 2017 23:42
IN,25 Feb 2017 23:13
NO,25 Feb 2017 23:01
IT,25 Feb 2017 21:40
NL,25 Feb 2017 13:02
NL,25 Feb 2017 12:59
RU,25 Feb 2017 06:15
SK,25 Feb 2017 05:43
RU,25 Feb 2017 03:55
RO,25 Feb 2017 03:47
RO,25 Feb 2017 01:23
TR,24 Feb 2017 20:53
RU,24 Feb 2017 13:22
HR,24 Feb 2017 12:26
IT,24 Feb 2017 11:33
UK,24 Feb 2017 10:40
HU,24 Feb 2017 08:13
LT,24 Feb 2017 03:50
NL,24 Feb 2017 02:04
PT,24 Feb 2017 00:50
TH,24 Feb 2017 00:27
RO,23 Feb 2017 23:22
UA,23 Feb 2017 12:55
RU,23 Feb 2017 12:27
RU,23 Feb 2017 07:05
TR,23 Feb 2017 00:54
PK,22 Feb 2017 23:07
RU,22 Feb 2017 18:30
TR,22 Feb 2017 13:15
LV,22 Feb 2017 06:57
IL,22 Feb 2017 05:25
EE,22 Feb 2017 05:17
RO,22 Feb 2017 04:27
PT,22 Feb 2017 01:31
BY,22 Feb 2017 01:22
TR,21 Feb 2017 22:23
DE,21 Feb 2017 15:18
RO,21 Feb 2017 13:21
ES,21 Feb 2017 12:38
